transaction_id,account_id,amount
TRX_100000,ACC_013,247.18003188842363
TRX_100001,ACC_007,
TRX_100002,ACC_017,3958.7730060931467
TRX_100003,ACC_006,246.98144734312132
TRX_100004,ACC_011,
TRX_100005,ACC_014,210.61656373481634
TRX_100006,ACC_012,763.5640067396018
TRX_100007,ACC_005,222.91836735928442
TRX_100008,ACC_009,100.52844807180976
TRX_100009,ACC_007,131.77413811391884
TRX_100010,ACC_017,208.14750219199675
TRX_100011,ACC_010,222.15380909856898
TRX_100012,ACC_002,196.51615974906284
TRX_100013,ACC_007,308.3850981247297
TRX_100014,ACC_018,14.763908753826557
TRX_100015,ACC_005,233.51691817726444
TRX_100016,ACC_013,178.00725382081174
TRX_100017,ACC_007,22.858411959909162
TRX_100018,ACC_003,45.16059608284719
TRX_100019,ACC_015,411.1095066298451
TRX_100020,ACC_016,285.14729368074273
TRX_100021,ACC_005,295.10885233632564
TRX_100022,ACC_005,410.22624572072107
TRX_100023,ACC_015,665.797245924716
TRX_100024,ACC_010,214.24885567162565
TRX_100025,ACC_007,790.2353978189311
TRX_100026,ACC_007,66.26475813595269
TRX_100027,ACC_015,211.12464452660504
TRX_100028,ACC_015,176.113338243679
TRX_100029,ACC_004,179.516084047888
TRX_100030,ACC_017,488.40203470185514
TRX_100031,ACC_009,207.8930304781394
TRX_100032,ACC_009,202.6914590597363
TRX_100033,ACC_010,
TRX_100034,ACC_009,146.13436555162804
TRX_100035,ACC_010,
TRX_100036,ACC_001,163.26711944514605
TRX_100037,ACC_007,236.26559706054996
TRX_100038,ACC_012,135.4128800437606
TRX_100039,ACC_007,362.0212758880965
TRX_100040,ACC_015,425.7109044708541
TRX_100041,ACC_001,170.32067476528388
TRX_100042,ACC_017,82.45385190147034
TRX_100043,ACC_017,368.9077604417788
TRX_100044,ACC_012,74.27371741869253
TRX_100045,ACC_014,66.08204158836787
TRX_100046,ACC_018,8.306311363137095
TRX_100047,ACC_012,281.8434050117628
TRX_100048,ACC_017,78.8234552300415
TRX_100049,ACC_015,1669.9013010973554
TRX_100050,ACC_006,303.01453945010616
TRX_100051,ACC_015,18221.83908426889
TRX_100052,ACC_006,186.88308110145633
TRX_100053,ACC_014,164.6460974993434
TRX_100054,ACC_017,106.38104498379829
TRX_100055,ACC_006,353.8778594365349
TRX_100056,ACC_018,20.009308028261408
TRX_100057,ACC_017,252.52626745374738
TRX_100058,ACC_013,433.55272169876156
TRX_100059,ACC_001,26.180854520125845
TRX_100060,ACC_015,205.81108206682768
TRX_100061,ACC_020,117.86223492331965
TRX_100062,ACC_013,341.3691955661133
TRX_100063,ACC_009,126.28349059690254
TRX_100064,ACC_017,114.93061941085458
TRX_100065,ACC_011,187.3106279986648
TRX_100066,ACC_008,349.2326563523553
TRX_100067,ACC_007,343.0858430448409
TRX_100068,ACC_008,169.77538100942928
TRX_100069,ACC_015,459.70960760718475
TRX_100070,ACC_003,57.758880642968016
TRX_100071,ACC_006,38.29781336177182
TRX_100072,ACC_014,271.8881216161245
TRX_100073,ACC_006,33.12770635584718
TRX_100074,ACC_005,460.16982905237904
TRX_100075,ACC_004,183.8194692366536
TRX_100076,ACC_014,624.9369201437412
TRX_100077,ACC_019,11.700591423179365
TRX_100078,ACC_017,393.9467941973972
TRX_100079,ACC_010,85.56303386053875
TRX_100080,ACC_002,486.2912330163061
TRX_100081,ACC_009,51.13060779282967
TRX_100082,ACC_017,473.19436085946245
TRX_100083,ACC_010,389.5601052642701
TRX_100084,ACC_005,90.98340955223158
TRX_100085,ACC_014,137.85961393119678
TRX_100086,ACC_007,543.9756646761194
TRX_100087,ACC_005,478.7152146265962
TRX_100088,ACC_010,41.82134336009833
TRX_100089,ACC_001,561.6438149916844
TRX_100090,ACC_016,339.0162141569598
TRX_100091,ACC_016,98.42535499766151
TRX_100092,ACC_001,194.4549890368784
TRX_100093,ACC_015,167.13823798264454
TRX_100094,ACC_002,194.92972235773092
TRX_100095,ACC_010,322.256965087244
TRX_100096,ACC_015,
TRX_100097,ACC_008,26.015059421165983
TRX_100098,ACC_014,53.53470616248413
TRX_100099,ACC_007,297.5512232502221
TRX_100100,ACC_016,442.942174301177
TRX_100101,ACC_003,212.1168842026639
TRX_100102,ACC_005,150.42352066140984
TRX_100103,ACC_004,365.341672800904
TRX_100104,ACC_015,436.7764392677825
TRX_100105,ACC_019,17.476658249618506
TRX_100106,ACC_017,464.6890509399663
TRX_100107,ACC_008,239.26114887919175
TRX_100108,ACC_016,258.6871725322436
TRX_100109,ACC_016,84.40658499575265
TRX_100110,ACC_019,36.94866606429622
TRX_100111,ACC_012,462.6266047015856
TRX_100112,ACC_013,431.16729917210375
TRX_100113,ACC_017,32.30663592661223
TRX_100114,ACC_014,105.33851139199355
TRX_100115,ACC_005,197.30308082326036
TRX_100116,ACC_004,168.29762996425828
TRX_100117,ACC_001,116.89110323671659
TRX_100118,ACC_007,540.5631086458789
TRX_100119,ACC_008,77.26011329003138
TRX_100120,ACC_004,
TRX_100121,ACC_002,83.39509320846469
TRX_100122,ACC_001,46.743039015523514
TRX_100123,ACC_013,75.50641683521486
TRX_100124,ACC_016,357.87121434041774
TRX_100125,ACC_016,12950.279338536933
TRX_100126,ACC_009,113.13758598568107
TRX_100127,ACC_015,294.78391722020956
TRX_100128,ACC_017,167.44299464927326
TRX_100129,ACC_015,132.3841246449935
TRX_100130,ACC_001,96.11480645971004
TRX_100131,ACC_012,134.37750467160126
TRX_100132,ACC_015,156.01945154663247
TRX_100133,ACC_011,756.382372349752
TRX_100134,ACC_012,173.74509535814073
TRX_100135,ACC_003,199.6613237856536
TRX_100136,ACC_006,305.34217532924987
TRX_100137,ACC_001,153.64946215354786
TRX_100138,ACC_008,233.50411060959897
TRX_100139,ACC_006,254.36085056185433
TRX_100140,ACC_011,24.84917758761941
TRX_100141,ACC_011,314.82006542370124
TRX_100142,ACC_008,87.17655890219544
TRX_100143,ACC_002,489.579577254744
TRX_100144,ACC_005,107.15540770010854
TRX_100145,ACC_001,83.83217977007256
TRX_100146,ACC_014,174.19718191345527
TRX_100147,ACC_009,11.535898424802701
TRX_100148,ACC_008,152.58169808050127
TRX_100149,ACC_015,209.6043690291836
TRX_100150,ACC_016,56.405278311323265
TRX_100151,ACC_008,412.7340682772812
TRX_100152,ACC_007,963.8638498221235
TRX_100153,ACC_003,357.0107430542704
TRX_100154,ACC_007,143.68303830223178
TRX_100155,ACC_010,160.5727100470569
TRX_100156,ACC_013,493.1346537425508
TRX_100157,ACC_004,308.36150025857717
TRX_100158,ACC_008,439.90789060487555
TRX_100159,ACC_004,577.0440728419445
TRX_100160,ACC_008,163.90960499990655
TRX_100161,ACC_006,95.99005983168513
TRX_100162,ACC_008,111.35713970662107
TRX_100163,ACC_003,292.2758540216309
TRX_100164,ACC_019,5.621985983594626
TRX_100165,ACC_009,186.12402065339705
TRX_100166,ACC_010,318.4651668191306
TRX_100167,ACC_003,86.40043571550635
TRX_100168,ACC_017,494.1281813389941
TRX_100169,ACC_015,10012.532544570484
TRX_100170,ACC_010,580.2621980853363
TRX_100171,ACC_004,576.4107573457558
TRX_100172,ACC_001,157.58377092772443
TRX_100173,ACC_017,99.53042142940451
TRX_100174,ACC_019,81.06416144751215
TRX_100175,ACC_019,5.998674291023931
TRX_100176,ACC_008,253.1985724371824
TRX_100177,ACC_017,359.1943151646068
TRX_100178,ACC_010,133.73199211430764
TRX_100179,ACC_008,258.14574141129793
TRX_100180,ACC_003,275.78236319762505
TRX_100181,ACC_001,645.2526950152427
TRX_100182,ACC_014,11.400221972194965
TRX_100183,ACC_016,642.6485713177731
TRX_100184,ACC_004,236.5633377267682
TRX_100185,ACC_015,698.9234012104339
TRX_100186,ACC_006,160.07351241995164
TRX_100187,ACC_013,535.1996130548151
TRX_100188,ACC_017,173.45539615495883
TRX_100189,ACC_017,330.41284415321365
TRX_100190,ACC_017,95.95159934470159
TRX_100191,ACC_010,108.83195668813745
TRX_100192,ACC_013,305.6860801679597
TRX_100193,ACC_004,72.64207949855893
TRX_100194,ACC_010,100.34339793812319
TRX_100195,ACC_014,397.55823673139264
TRX_100196,ACC_017,
TRX_100197,ACC_015,169.54103522831065
TRX_100198,ACC_005,419.9332274027846
TRX_100199,ACC_016,138.72117882903046
TRX_100200,ACC_011,158.35568075559289
TRX_100201,ACC_017,441.21699149948824
TRX_100202,ACC_009,159.7550347718999
TRX_100203,ACC_006,94.05278590884085
TRX_100204,ACC_018,4.828407129305402
TRX_100205,ACC_012,95.59139396975182
TRX_100206,ACC_007,93.60402836513842
TRX_100207,ACC_003,186.69190669720192
TRX_100208,ACC_001,162.47389608408932
TRX_100209,ACC_014,105.89411858280843
TRX_100210,ACC_006,16.581343228771868
TRX_100211,ACC_001,52.32863766395697
TRX_100212,ACC_003,42.99440081952753
TRX_100213,ACC_007,85.06756007927946
TRX_100214,ACC_017,5439.405023999352
TRX_100215,ACC_013,170.56758185036668
TRX_100216,ACC_005,239.98693285262806
TRX_100217,ACC_008,64.31791428070746
TRX_100218,ACC_017,4673.735847397351
TRX_100219,ACC_001,64.02598780185743
TRX_100220,ACC_013,213.05109605921197
TRX_100221,ACC_015,459.1563986526891
TRX_100222,ACC_007,371.27714341219274
TRX_100223,ACC_017,141.40058911907656
TRX_100224,ACC_010,206.15545244137584
TRX_100225,ACC_002,171.6933509172031
TRX_100226,ACC_008,83.71549288295132
TRX_100227,ACC_014,49.5290047942091
TRX_100228,ACC_002,180.02388480661807
TRX_100229,ACC_015,337.68413491854193
TRX_100230,ACC_010,29.331282204837507
TRX_100231,ACC_006,74.88641683324583
TRX_100232,ACC_010,301.18065009529937
TRX_100233,ACC_012,118.24530654940517
TRX_100234,ACC_018,2.592848270155308
TRX_100235,ACC_010,433.8931396582481
TRX_100236,ACC_017,610.0844841945895
TRX_100237,ACC_008,
TRX_100238,ACC_015,312.2076895273198
TRX_100239,ACC_017,42.97371139869887
TRX_100240,ACC_015,76.0689137263816
TRX_100241,ACC_009,47.22586989860944
TRX_100242,ACC_015,493.5884619804796
TRX_100243,ACC_001,101.09854269565875
TRX_100244,ACC_008,272.8482598245993
TRX_100245,ACC_016,590.9258507800542
TRX_100246,ACC_011,296.2362208396327
TRX_100247,ACC_009,184.55037697752334
TRX_100248,ACC_011,161.61209438493302
TRX_100249,ACC_016,406.5562807675966
TRX_100250,ACC_008,116.6310179724414
TRX_100251,ACC_008,129.85418009338397
TRX_100252,ACC_007,225.80455490541613
TRX_100253,ACC_002,21.053803968478583
TRX_100254,ACC_012,177.516770798925
TRX_100255,ACC_017,12093.597451459675
TRX_100256,ACC_014,674.473035312439
TRX_100257,ACC_019,2.885394793798735
TRX_100258,ACC_004,124.07576244666994
TRX_100259,ACC_003,23.35388028369406
TRX_100260,ACC_015,4581.083474934209
TRX_100261,ACC_018,3.4780737413144713
TRX_100262,ACC_004,
TRX_100263,ACC_013,140.5390882694801
TRX_100264,ACC_017,541.522356365889
TRX_100265,ACC_011,127.41941413259055
TRX_100266,ACC_001,242.43079524153956
TRX_100267,ACC_004,122.95923623090141
TRX_100268,ACC_008,
TRX_100269,ACC_013,194.26047984250502
TRX_100270,ACC_002,37.57706380387497
TRX_100271,ACC_011,247.13905842907286
TRX_100272,ACC_008,349.35071680949005
TRX_100273,ACC_011,162.42646844257337
TRX_100274,ACC_013,522.2710113177191
TRX_100275,ACC_019,20.50461132936235
TRX_100276,ACC_013,186.98208915011827
TRX_100277,ACC_013,304.70986141605323
TRX_100278,ACC_017,4285.544900547479
TRX_100279,ACC_013,247.69013986737923
TRX_100280,ACC_011,96.11981125507378
TRX_100281,ACC_017,8285.317483527871
TRX_100282,ACC_015,138.8335295643939
TRX_100283,ACC_007,239.07904607485287
TRX_100284,ACC_011,169.8682319232379
TRX_100285,ACC_008,178.55178076108095
TRX_100286,ACC_003,200.9795313383433
TRX_100287,ACC_012,464.5214189680339
TRX_100288,ACC_016,285.5584002575641
TRX_100289,ACC_016,337.7455650549256
TRX_100290,ACC_008,104.42237125417573
TRX_100291,ACC_011,220.26145157520097
TRX_100292,ACC_003,152.5009231875972
TRX_100293,ACC_009,53.270842574534186
TRX_100294,ACC_015,10472.047828876786
TRX_100295,ACC_003,110.61111713583162
TRX_100296,ACC_012,228.70478242934058
TRX_100297,ACC_020,9.615051902006439
TRX_100298,ACC_018,11.602660293560977
TRX_100299,ACC_016,7003.225605355631
TRX_100300,ACC_012,57.08285592203514
TRX_100301,ACC_009,275.74464938920914
TRX_100302,ACC_017,417.6457565001389
TRX_100303,ACC_016,13494.155620163934
TRX_100304,ACC_012,238.4964363488262
TRX_100305,ACC_009,230.9142335090129
TRX_100306,ACC_008,68.36216447809579
TRX_100307,ACC_008,570.1831713400304
TRX_100308,ACC_019,10.345041452233746
TRX_100309,ACC_001,121.73418680161228
TRX_100310,ACC_017,105.60711519250457
TRX_100311,ACC_006,
TRX_100312,ACC_016,6120.33292694554
TRX_100313,ACC_016,2969.70264111071
TRX_100314,ACC_014,315.74763426619336
TRX_100315,ACC_008,248.657225856297
TRX_100316,ACC_016,745.5260871236346
TRX_100317,ACC_016,624.8863019621789
TRX_100318,ACC_007,265.7007125074925
TRX_100319,ACC_017,861.3219360203456
TRX_100320,ACC_017,398.2531261821565
TRX_100321,ACC_003,65.8130843629458
TRX_100322,ACC_003,107.24769677174204
TRX_100323,ACC_003,171.62119421076736
TRX_100324,ACC_013,182.64785626208
TRX_100325,ACC_007,350.9254849146388
TRX_100326,ACC_015,229.16381523407253
TRX_100327,ACC_019,60.52928975267216
TRX_100328,ACC_004,156.19783713133236
TRX_100329,ACC_004,122.98391200426772
TRX_100330,ACC_003,76.28613370750242
TRX_100331,ACC_005,45.36321168185725
TRX_100332,ACC_008,485.1551151831911
TRX_100333,ACC_002,36.40935148474144
TRX_100334,ACC_015,113.77981659885215
TRX_100335,ACC_004,149.29752407727668
TRX_100336,ACC_011,77.38478762295743
TRX_100337,ACC_001,32.537574598279335
TRX_100338,ACC_013,85.96642060957387
TRX_100339,ACC_010,86.5326046408944
TRX_100340,ACC_009,35.65770141306972
TRX_100341,ACC_016,4104.8541561116745
TRX_100342,ACC_015,665.5198451418016
TRX_100343,ACC_016,6673.947200148646
TRX_100344,ACC_002,128.49790128378746
TRX_100345,ACC_003,114.95917031506112
TRX_100346,ACC_015,288.82775331366776
TRX_100347,ACC_011,75.80009139790246
TRX_100348,ACC_019,108.4663584306368
TRX_100349,ACC_008,15.964320054479684
TRX_100350,ACC_014,906.3460305669391
TRX_100351,ACC_016,133.26502560277154
TRX_100352,ACC_006,240.8026648755986
TRX_100353,ACC_002,153.73898566907528
TRX_100354,ACC_017,5713.099260273653
TRX_100355,ACC_016,286.6388508111046
TRX_100356,ACC_009,283.7717851946509
TRX_100357,ACC_002,33.09461752320704
TRX_100358,ACC_018,45.75090170802878
TRX_100359,ACC_009,318.067215860978
TRX_100360,ACC_006,372.2160436944249
TRX_100361,ACC_015,
TRX_100362,ACC_014,145.30677936741864
TRX_100363,ACC_007,168.68601413283412
TRX_100364,ACC_013,35.83601671998257
TRX_100365,ACC_010,130.47124487465356
TRX_100366,ACC_014,92.67697614299907
TRX_100367,ACC_016,23077.42464546656
TRX_100368,ACC_012,178.50474866012794
TRX_100369,ACC_011,55.94203633273399
TRX_100370,ACC_016,286.3782898273375
TRX_100371,ACC_015,18534.387068697502
TRX_100372,ACC_017,5406.416617059345
TRX_100373,ACC_005,42.88987371263515
TRX_100374,ACC_012,
TRX_100375,ACC_015,334.9904571321392
TRX_100376,ACC_007,70.24326117907187
TRX_100377,ACC_015,372.61004274202753
TRX_100378,ACC_019,49.195761523060774
TRX_100379,ACC_008,67.90613841131888
TRX_100380,ACC_005,175.66348089973343
TRX_100381,ACC_009,63.89911735659519
TRX_100382,ACC_015,354.34942992491045
TRX_100383,ACC_003,229.45736668821252
TRX_100384,ACC_016,465.649747426642
TRX_100385,ACC_003,156.51850232518441
TRX_100386,ACC_005,351.39753498099697
TRX_100387,ACC_011,104.55760858160188
TRX_100388,ACC_002,44.997490349248345
TRX_100389,ACC_002,41.54065258206733
TRX_100390,ACC_007,21.597240150830945
TRX_100391,ACC_016,406.50151296771327
TRX_100392,ACC_004,133.79667107299213
TRX_100393,ACC_011,366.17290622046903
TRX_100394,ACC_015,53.837228384814296
TRX_100395,ACC_008,233.8096292671263
TRX_100396,ACC_006,616.8433263463083
TRX_100397,ACC_006,489.2683062563243
TRX_100398,ACC_012,226.82541596035807
TRX_100399,ACC_018,35.13596275404774
TRX_100400,ACC_010,152.71587086308796
TRX_100401,ACC_012,75.08888834219549
TRX_100402,ACC_014,106.80463209305067
TRX_100403,ACC_018,55.36112976185915
TRX_100404,ACC_006,43.01363857200045
TRX_100405,ACC_015,6564.1896564184235
TRX_100406,ACC_007,730.6611410757602
TRX_100407,ACC_005,53.55001029177513
TRX_100408,ACC_016,135.05563051671547
TRX_100409,ACC_003,218.4148332218126
TRX_100410,ACC_012,421.1074834746507
TRX_100411,ACC_002,439.097724828
TRX_100412,ACC_017,524.018224314534
TRX_100413,ACC_005,276.56823218088107
TRX_100414,ACC_001,182.67452140236796
TRX_100415,ACC_014,206.5193625725263
TRX_100416,ACC_002,152.18109719561835
TRX_100417,ACC_009,153.1045133401768
TRX_100418,ACC_012,157.9426120239055
TRX_100419,ACC_002,279.01741546655103
TRX_100420,ACC_002,114.15961866209653
TRX_100421,ACC_003,47.10989965839795
TRX_100422,ACC_002,205.24288631722163
TRX_100423,ACC_009,52.919139315300924
TRX_100424,ACC_016,202.89820670884836
TRX_100425,ACC_004,50.342813519653554
TRX_100426,ACC_013,261.2625431229369
TRX_100427,ACC_007,307.4749414980207
TRX_100428,ACC_003,269.62325213826375
TRX_100429,ACC_014,119.53390970192001
TRX_100430,ACC_014,57.14059838559885
TRX_100431,ACC_005,105.62531319109236
TRX_100432,ACC_005,222.53791028031048
TRX_100433,ACC_005,68.45122779466169
TRX_100434,ACC_004,162.70428173062265
TRX_100435,ACC_014,115.73925361436737
TRX_100436,ACC_009,76.54774486548787
TRX_100437,ACC_016,309.3263055739558
TRX_100438,ACC_001,194.85744573859972
TRX_100439,ACC_001,155.5198479570766
TRX_100440,ACC_011,316.1523642057774
TRX_100441,ACC_001,170.83262077387405
TRX_100442,ACC_015,3048.331693722068
TRX_100443,ACC_007,123.81264414677948
TRX_100444,ACC_005,191.66375612215137
TRX_100445,ACC_014,62.72975500503954
TRX_100446,ACC_016,922.4211494201076
TRX_100447,ACC_020,45.76461355517033
TRX_100448,ACC_009,51.61926495982498
TRX_100449,ACC_014,109.85072276034924
TRX_100450,ACC_020,
TRX_100451,ACC_018,4.013950976886961
TRX_100452,ACC_002,434.0619531305439
TRX_100453,ACC_016,785.3628279926152
TRX_100454,ACC_017,206.59470177951394
TRX_100455,ACC_004,84.96889039265656
TRX_100456,ACC_003,209.5860029813538
TRX_100457,ACC_017,443.57409031875324
TRX_100458,ACC_005,136.57823039232906
TRX_100459,ACC_017,16527.218948471284
TRX_100460,ACC_006,223.77435337825355
TRX_100461,ACC_003,95.92623709511827
TRX_100462,ACC_006,674.968845542811
TRX_100463,ACC_003,347.624659259258
TRX_100464,ACC_012,394.7768154201965
TRX_100465,ACC_008,269.55497804629846
TRX_100466,ACC_015,118.23140799252359
TRX_100467,ACC_005,98.67765264313788
TRX_100468,ACC_011,
TRX_100469,ACC_010,441.71354331746267
TRX_100470,ACC_001,287.8580071280878
TRX_100471,ACC_016,536.3532385365003
TRX_100472,ACC_013,376.92719115203016
TRX_100473,ACC_006,260.03814698320986
TRX_100474,ACC_005,118.50334365563195
TRX_100475,ACC_015,1959.3069829639383
TRX_100476,ACC_007,137.08661079173575
TRX_100477,ACC_003,181.38689032320053
TRX_100478,ACC_015,102.86563464222277
TRX_100479,ACC_018,46.62221989420793
TRX_100480,ACC_013,221.61253279768528
TRX_100481,ACC_007,97.09335595574863
TRX_100482,ACC_017,
TRX_100483,ACC_017,379.1468401059322
TRX_100484,ACC_017,821.3357407072822
TRX_100485,ACC_013,455.82947503753246
TRX_100486,ACC_006,185.52465673210426
TRX_100487,ACC_016,935.9527475027589
TRX_100488,ACC_005,83.2923586109796
TRX_100489,ACC_014,163.13968360481198
TRX_100490,ACC_016,
TRX_100491,ACC_009,
TRX_100492,ACC_012,380.5406674149642
TRX_100493,ACC_007,216.82960788781367
TRX_100494,ACC_006,139.7197750215134
TRX_100495,ACC_016,5737.317304232289
TRX_100496,ACC_015,131.4240574228304
TRX_100497,ACC_016,300.96359857902047
TRX_100498,ACC_012,178.1971923652732
TRX_100499,ACC_005,60.48647238983328
TRX_100500,ACC_009,251.1147225101803
TRX_100501,ACC_018,3.634393307268605
TRX_100502,ACC_004,81.38677335721688
TRX_100503,ACC_008,146.3569957099526
TRX_100504,ACC_016,644.8534291811452
TRX_100505,ACC_002,195.24802520790178
TRX_100506,ACC_002,59.57849176369997
TRX_100507,ACC_017,398.22903894305864
TRX_100508,ACC_008,130.58851914180008
TRX_100509,ACC_015,123.06195565720527
TRX_100510,ACC_004,
TRX_100511,ACC_016,715.0512671859815
TRX_100512,ACC_016,7654.974316025151
TRX_100513,ACC_012,467.23455278868363
TRX_100514,ACC_006,82.97848810612724
TRX_100515,ACC_005,181.72165593327568
TRX_100516,ACC_015,62.10725857722365
TRX_100517,ACC_014,53.62288490368877
TRX_100518,ACC_017,273.49655046050725
TRX_100519,ACC_017,158.40040382835187
TRX_100520,ACC_004,108.55984761096329
TRX_100521,ACC_020,64.2181632102682
TRX_100522,ACC_016,96.02011286241279
TRX_100523,ACC_019,16.73173594050676
TRX_100524,ACC_011,161.42747612683445
TRX_100525,ACC_004,253.25483225936628
TRX_100526,ACC_015,318.5461606735404
TRX_100527,ACC_016,101.35193435604225
TRX_100528,ACC_005,361.384135942128
TRX_100529,ACC_016,8663.494318882385
TRX_100530,ACC_004,80.05216842997338
TRX_100531,ACC_016,428.9383059689543
TRX_100532,ACC_017,580.9867301867623
TRX_100533,ACC_013,56.088953459665845
TRX_100534,ACC_007,371.8211123980046
TRX_100535,ACC_001,109.19374288940051
TRX_100536,ACC_009,288.5458907888629
TRX_100537,ACC_005,242.20463530267367
TRX_100538,ACC_017,286.4132657619891
TRX_100539,ACC_006,269.44690461350234
TRX_100540,ACC_006,551.9327049000129
TRX_100541,ACC_014,
TRX_100542,ACC_009,158.60926243353083
TRX_100543,ACC_006,276.05832441636164
TRX_100544,ACC_016,174.79543822016717
TRX_100545,ACC_019,38.91237156494049
TRX_100546,ACC_007,642.4163301895602
TRX_100547,ACC_005,245.21871025545167
TRX_100548,ACC_014,177.99604798095797
TRX_100549,ACC_015,153.65993450398562
TRX_100550,ACC_017,11267.051585484665
TRX_100551,ACC_013,499.4062706404126
TRX_100552,ACC_012,175.87492511481182
TRX_100553,ACC_017,549.2445342472773
TRX_100554,ACC_009,326.9251489508964
TRX_100555,ACC_013,240.08846041055594
TRX_100556,ACC_006,438.5832217030014
TRX_100557,ACC_015,187.8409148323738
TRX_100558,ACC_009,67.01250225849034
TRX_100559,ACC_006,289.5408236563935
TRX_100560,ACC_019,9.50586150143613
TRX_100561,ACC_009,671.8490320734853
TRX_100562,ACC_001,180.8712331646861
TRX_100563,ACC_011,117.16034731138598
TRX_100564,ACC_001,92.30465612998067
TRX_100565,ACC_013,737.158482288303
TRX_100566,ACC_015,3198.540772118143
TRX_100567,ACC_010,9.463880508082145
TRX_100568,ACC_006,41.259370798682816
TRX_100569,ACC_005,302.1920018644453
TRX_100570,ACC_017,154.3242015319852
TRX_100571,ACC_017,427.4178499089916
TRX_100572,ACC_015,233.48824515542898
TRX_100573,ACC_013,272.17502917078843
TRX_100574,ACC_017,340.3918994282293
TRX_100575,ACC_002,347.82257584860986
TRX_100576,ACC_012,255.4312788695706
TRX_100577,ACC_016,540.3269039363042
TRX_100578,ACC_003,82.24743547249564
TRX_100579,ACC_002,130.72150420585328
TRX_100580,ACC_015,
TRX_100581,ACC_001,211.02354180895006
TRX_100582,ACC_010,552.2349805617407
TRX_100583,ACC_017,583.9298517462482
TRX_100584,ACC_002,77.98824871399131
TRX_100585,ACC_009,332.08734558318855
TRX_100586,ACC_017,141.3236526841645
TRX_100587,ACC_017,437.289582799714
TRX_100588,ACC_015,41.261356792037716
TRX_100589,ACC_007,70.59183878539072
TRX_100590,ACC_012,117.0731630511126
TRX_100591,ACC_011,30.11435589661895
TRX_100592,ACC_002,82.77540419812745
TRX_100593,ACC_006,549.499977694486
TRX_100594,ACC_008,113.8450052831653
TRX_100595,ACC_013,116.4388355750603
TRX_100596,ACC_010,152.91280081413615
TRX_100597,ACC_013,25.41677719961643
TRX_100598,ACC_010,124.91020122884726
TRX_100599,ACC_006,368.62219498629
TRX_100600,ACC_014,219.0866761817995
TRX_100601,ACC_006,55.16433333484494
TRX_100602,ACC_006,185.8100109715938
TRX_100603,ACC_017,2226.9206104463537
TRX_100604,ACC_012,77.42665149872245
TRX_100605,ACC_017,7261.301377014162
TRX_100606,ACC_017,83.76153584490821
TRX_100607,ACC_006,569.558669996872
TRX_100608,ACC_012,358.68307244733296
TRX_100609,ACC_016,
TRX_100610,ACC_011,234.63031671877474
TRX_100611,ACC_008,260.4785869671771
TRX_100612,ACC_003,123.3590455808162
TRX_100613,ACC_004,201.8421924323817
TRX_100614,ACC_001,341.4369832406848
TRX_100615,ACC_011,15.043301807561402
TRX_100616,ACC_016,1482.8362505617138
TRX_100617,ACC_004,153.2737138311497
TRX_100618,ACC_013,418.3248537833074
TRX_100619,ACC_017,91.5320220126545
TRX_100620,ACC_007,79.25995103043664
TRX_100621,ACC_013,655.2646371395264
TRX_100622,ACC_015,8168.873960909707
TRX_100623,ACC_020,139.83962438666646
TRX_100624,ACC_010,106.64117882600897
TRX_100625,ACC_015,10623.148848076173
TRX_100626,ACC_008,273.8325286200388
TRX_100627,ACC_016,556.0057367807498
TRX_100628,ACC_016,47.89652290022272
TRX_100629,ACC_012,32.262874474893984
TRX_100630,ACC_013,170.59474227045635
TRX_100631,ACC_007,258.2310478559907
TRX_100632,ACC_006,33.35493160273106
TRX_100633,ACC_008,86.31799545865093
TRX_100634,ACC_007,133.24801095967328
TRX_100635,ACC_009,262.5337101569355
TRX_100636,ACC_003,411.267018418674
TRX_100637,ACC_017,72.55042831582676
TRX_100638,ACC_016,292.8378841157102
TRX_100639,ACC_017,166.36899969558232
TRX_100640,ACC_007,92.03951601400922
TRX_100641,ACC_016,689.0048147730186
TRX_100642,ACC_009,166.69340006188017
TRX_100643,ACC_006,165.46888126179493
TRX_100644,ACC_008,78.59088217992515
TRX_100645,ACC_003,358.3022103291042
TRX_100646,ACC_016,220.3506744818552
TRX_100647,ACC_018,3.69971622921996
TRX_100648,ACC_013,320.84855093132603
TRX_100649,ACC_008,79.85283706084213
TRX_100650,ACC_015,338.2104489107056
TRX_100651,ACC_020,86.46262987499432
TRX_100652,ACC_004,259.4713553757843
TRX_100653,ACC_007,375.4044537741217
TRX_100654,ACC_002,390.4221335820429
TRX_100655,ACC_015,393.13361244454563
TRX_100656,ACC_015,4313.943653535457
TRX_100657,ACC_013,612.5135899237663
TRX_100658,ACC_008,391.30911659596615
TRX_100659,ACC_005,294.6436154513816
TRX_100660,ACC_001,127.74006457927744
TRX_100661,ACC_006,257.29527086149113
TRX_100662,ACC_005,62.346503756202964
TRX_100663,ACC_015,435.90225908218787
TRX_100664,ACC_006,712.4457925683398
TRX_100665,ACC_004,289.86445731150053
TRX_100666,ACC_001,343.04622409790215
TRX_100667,ACC_010,89.62830738759058
TRX_100668,ACC_010,269.4980404273834
TRX_100669,ACC_005,255.3390005769387
TRX_100670,ACC_017,78.63017258816555
TRX_100671,ACC_007,
TRX_100672,ACC_011,219.3300925956074
TRX_100673,ACC_011,364.28126983462437
TRX_100674,ACC_009,186.810020070977
TRX_100675,ACC_012,262.9478360888272
TRX_100676,ACC_018,8.19991759479087
TRX_100677,ACC_004,246.06483008416035
TRX_100678,ACC_011,173.42084075423173
TRX_100679,ACC_009,392.9195423377612
TRX_100680,ACC_005,249.5291980245979
TRX_100681,ACC_017,84.98156445176772
TRX_100682,ACC_012,301.9703940481583
TRX_100683,ACC_014,61.897664932243366
TRX_100684,ACC_013,147.34869112754708
TRX_100685,ACC_019,9.635255297552787
TRX_100686,ACC_016,72.65624398600656
TRX_100687,ACC_015,288.9819642409332
TRX_100688,ACC_018,22.474556841152744
TRX_100689,ACC_012,33.7734407843884
TRX_100690,ACC_007,233.73624086758844
TRX_100691,ACC_006,248.0145791035879
TRX_100692,ACC_017,153.50347314910886
TRX_100693,ACC_018,57.77009159842873
TRX_100694,ACC_017,206.18948017877207
TRX_100695,ACC_015,1265.772347395958
TRX_100696,ACC_005,310.8856265487655
TRX_100697,ACC_010,15.54255790325053
TRX_100698,ACC_017,119.50485854745199
TRX_100699,ACC_004,81.79028161356449
TRX_100700,ACC_011,165.7388717032264
TRX_100701,ACC_003,259.3428842441041
TRX_100702,ACC_017,233.97938845029404
TRX_100703,ACC_018,24.908485228553204
TRX_100704,ACC_004,94.06950007727616
TRX_100705,ACC_016,1297.6557091058542
TRX_100706,ACC_002,170.9076270731391
TRX_100707,ACC_004,36.417361432366086
TRX_100708,ACC_010,576.2318901021724
TRX_100709,ACC_007,143.42414101645232
TRX_100710,ACC_002,316.21181725212426
TRX_100711,ACC_009,282.73497521797395
TRX_100712,ACC_011,32.588943581229515
TRX_100713,ACC_015,2629.609481718926
TRX_100714,ACC_015,233.11656759546264
TRX_100715,ACC_009,100.17377386152044
TRX_100716,ACC_017,240.6666822997468
TRX_100717,ACC_009,145.2525887481425
TRX_100718,ACC_007,105.04750687558388
TRX_100719,ACC_003,101.16046539042354
TRX_100720,ACC_009,70.49336009168834
TRX_100721,ACC_002,78.94416442479333
TRX_100722,ACC_006,73.61028337416441
TRX_100723,ACC_006,435.06789554285234
TRX_100724,ACC_010,28.626734622981846
TRX_100725,ACC_014,251.3565311615722
TRX_100726,ACC_004,180.63506048827514
TRX_100727,ACC_011,121.84824496031067
TRX_100728,ACC_004,201.09897981751553
TRX_100729,ACC_002,348.9982291809803
TRX_100730,ACC_017,496.58417505500233
TRX_100731,ACC_002,106.60803286674529
TRX_100732,ACC_004,246.5561731386297
TRX_100733,ACC_001,233.0252980649937
TRX_100734,ACC_003,489.7766826442206
TRX_100735,ACC_004,131.52336928945812
TRX_100736,ACC_010,157.59307173896414
TRX_100737,ACC_017,431.87028760579904
TRX_100738,ACC_020,16.842308950940225
TRX_100739,ACC_006,67.92964056649473
TRX_100740,ACC_019,24.136247621994894
TRX_100741,ACC_011,192.0159264044908
TRX_100742,ACC_002,198.1471242079511
TRX_100743,ACC_005,141.56023466590716
TRX_100744,ACC_017,3955.513002508236
TRX_100745,ACC_012,53.1538180813431
TRX_100746,ACC_015,174.92380607228486
TRX_100747,ACC_011,93.95097182753209
TRX_100748,ACC_011,138.31796101352262
TRX_100749,ACC_004,104.415482246112
TRX_100750,ACC_015,321.8034579781738
TRX_100751,ACC_010,224.59649156865856
TRX_100752,ACC_012,161.26068260726365
TRX_100753,ACC_016,1618.8026109850205
TRX_100754,ACC_002,219.83709608970844
TRX_100755,ACC_012,543.9024195041588
TRX_100756,ACC_011,238.1443642093588
TRX_100757,ACC_020,16.88329769910391
TRX_100758,ACC_003,444.64620490166106
TRX_100759,ACC_003,385.22111468873106
TRX_100760,ACC_009,296.2917103190915
TRX_100761,ACC_012,
TRX_100762,ACC_003,140.43293148945804
TRX_100763,ACC_015,307.52280957355174
TRX_100764,ACC_007,127.90234489988157
TRX_100765,ACC_013,32.653385382454324
TRX_100766,ACC_016,245.46682456485752
TRX_100767,ACC_017,217.73360478887057
TRX_100768,ACC_016,19982.262675098686
TRX_100769,ACC_005,246.51528290886256
TRX_100770,ACC_017,5504.761176889728
TRX_100771,ACC_017,205.9787148619639
TRX_100772,ACC_011,28.68068724646132
TRX_100773,ACC_017,587.0995752661504
TRX_100774,ACC_014,213.04680722492893
TRX_100775,ACC_020,44.18728763434913
TRX_100776,ACC_013,7.612310169930224
TRX_100777,ACC_001,118.07180860332625
TRX_100778,ACC_006,411.7288800212879
TRX_100779,ACC_012,221.1410988938114
TRX_100780,ACC_011,112.11866597431785
TRX_100781,ACC_006,92.48188936812997
TRX_100782,ACC_017,250.79344545881253
TRX_100783,ACC_009,91.71238827236998
TRX_100784,ACC_010,110.84164494452591
TRX_100785,ACC_017,
TRX_100786,ACC_012,325.5084931922523
TRX_100787,ACC_009,46.01506981724422
TRX_100788,ACC_017,71.39899083660745
TRX_100789,ACC_016,267.0047165189469
TRX_100790,ACC_009,12.973842627520865
TRX_100791,ACC_017,328.12821244255156
TRX_100792,ACC_017,4528.2451983848705
TRX_100793,ACC_005,468.95376787586116
TRX_100794,ACC_013,97.04674730504944
TRX_100795,ACC_002,435.5591202106625
TRX_100796,ACC_014,188.33489322432803
TRX_100797,ACC_010,356.862034916048
TRX_100798,ACC_011,533.2293162543775
TRX_100799,ACC_006,77.94560586498149
TRX_100800,ACC_011,53.22060003120297
TRX_100801,ACC_014,220.87398111843507
TRX_100802,ACC_015,436.60988523297624
TRX_100803,ACC_016,241.9164595838326
TRX_100804,ACC_018,6.929681756383393
TRX_100805,ACC_001,561.0336510184925
TRX_100806,ACC_017,4581.321666017385
TRX_100807,ACC_013,160.2689322319617
TRX_100808,ACC_012,216.02900707170147
TRX_100809,ACC_015,379.215289014169
TRX_100810,ACC_003,203.461484318743
TRX_100811,ACC_015,37.851349877990465
TRX_100812,ACC_014,75.6106589883137
TRX_100813,ACC_009,94.00175071178629
TRX_100814,ACC_015,242.97999363466343
TRX_100815,ACC_013,216.97651925097
TRX_100816,ACC_003,186.93230642357494
TRX_100817,ACC_017,4644.726206848039
TRX_100818,ACC_011,354.9857485548283
TRX_100819,ACC_012,119.69929173569915
TRX_100820,ACC_009,31.071491346512076
TRX_100821,ACC_014,529.2356137914321
TRX_100822,ACC_001,83.17189140143539
TRX_100823,ACC_006,446.59576916385834
TRX_100824,ACC_017,76.62853277862834
TRX_100825,ACC_014,578.1298864682091
TRX_100826,ACC_013,82.84121910375734
TRX_100827,ACC_013,446.3452327778252
TRX_100828,ACC_012,320.368688391161
TRX_100829,ACC_002,304.25822254210476
TRX_100830,ACC_016,
TRX_100831,ACC_003,247.11899222303845
TRX_100832,ACC_013,148.5153765567317
TRX_100833,ACC_007,394.9199775273616
TRX_100834,ACC_004,216.04094408289498
TRX_100835,ACC_015,5708.371631259859
TRX_100836,ACC_006,318.93850989930274
TRX_100837,ACC_014,141.68241521929815
TRX_100838,ACC_008,175.599248913759
TRX_100839,ACC_013,41.76582851541595
TRX_100840,ACC_017,383.0523943175859
TRX_100841,ACC_015,466.45491991054485
TRX_100842,ACC_015,1087.5717495570618
TRX_100843,ACC_020,13.408627275759986
TRX_100844,ACC_017,1969.101899519457
TRX_100845,ACC_006,405.22517331578484
TRX_100846,ACC_017,392.8545348923792
TRX_100847,ACC_013,511.3500577619707
TRX_100848,ACC_010,198.70119508822518
TRX_100849,ACC_017,94.56847108484897
TRX_100850,ACC_011,7.150516022606164
TRX_100851,ACC_016,68.47259428878976
TRX_100852,ACC_011,116.31463108277948
TRX_100853,ACC_011,344.11926853927815
TRX_100854,ACC_009,190.687457982813
TRX_100855,ACC_001,173.74588451306195
TRX_100856,ACC_008,120.41510710804664
TRX_100857,ACC_016,793.9829092226537
TRX_100858,ACC_011,301.5783975739978
TRX_100859,ACC_020,30.568992224525612
TRX_100860,ACC_018,5.0061236538191345
TRX_100861,ACC_006,239.86989347064784
TRX_100862,ACC_011,27.876925051014663
TRX_100863,ACC_008,355.5819289362315
TRX_100864,ACC_017,319.94708809931655
TRX_100865,ACC_017,438.8911715814421
TRX_100866,ACC_017,150.43777668905366
TRX_100867,ACC_005,97.25717167288633
TRX_100868,ACC_007,18.394706278253942
TRX_100869,ACC_015,77.5331152616191
TRX_100870,ACC_012,154.5744169936261
TRX_100871,ACC_017,75.69517333071525
TRX_100872,ACC_017,3479.7503062370265
TRX_100873,ACC_007,342.6876058712047
TRX_100874,ACC_013,122.32733352708536
TRX_100875,ACC_017,7466.085560077295
TRX_100876,ACC_017,613.853805329989
TRX_100877,ACC_014,205.81569385985912
TRX_100878,ACC_012,79.51769189951558
TRX_100879,ACC_009,163.5036484540907
TRX_100880,ACC_002,507.0216111695923
TRX_100881,ACC_008,128.5391941713492
TRX_100882,ACC_007,133.19327974375813
TRX_100883,ACC_009,301.31773565069346
TRX_100884,ACC_003,83.13305869005475
TRX_100885,ACC_007,213.12589648684312
TRX_100886,ACC_016,258.40629294935275
TRX_100887,ACC_016,611.2661036814438
TRX_100888,ACC_011,196.24788399237497
TRX_100889,ACC_012,61.350828742675546
TRX_100890,ACC_006,
TRX_100891,ACC_006,544.2640213067157
TRX_100892,ACC_017,195.4983573106544
TRX_100893,ACC_004,281.4175466436132
TRX_100894,ACC_014,735.39349899137
TRX_100895,ACC_015,996.1917387052022
TRX_100896,ACC_013,85.92758740617236
TRX_100897,ACC_008,77.1964952102561
TRX_100898,ACC_015,
TRX_100899,ACC_005,252.41421587784788
TRX_100900,ACC_017,165.17713598541567
TRX_100901,ACC_014,588.1841415510812
TRX_100902,ACC_001,132.8359861498433
TRX_100903,ACC_009,453.59112864249374
TRX_100904,ACC_014,144.7696123622817
TRX_100905,ACC_006,85.10273991809997
TRX_100906,ACC_013,273.1539443341321
TRX_100907,ACC_008,197.41236946999112
TRX_100908,ACC_003,237.52396206056775
TRX_100909,ACC_001,205.2859219513524
TRX_100910,ACC_016,62.948575209520186
TRX_100911,ACC_017,680.1947280488858
TRX_100912,ACC_003,185.10320013298275
TRX_100913,ACC_007,273.45841950711616
TRX_100914,ACC_002,
TRX_100915,ACC_004,76.20717979876595
TRX_100916,ACC_019,37.768710552729246
TRX_100917,ACC_017,484.3747732318475
TRX_100918,ACC_014,153.0367817274902
TRX_100919,ACC_008,83.30454456576123
TRX_100920,ACC_019,79.19656626312225
TRX_100921,ACC_009,292.29812894485
TRX_100922,ACC_013,68.96472917440042
TRX_100923,ACC_010,203.16877883192097
TRX_100924,ACC_008,278.9141605825048
TRX_100925,ACC_015,107.58828898576593
TRX_100926,ACC_017,763.9983199826711
TRX_100927,ACC_006,109.86903822007443
TRX_100928,ACC_001,110.80258633901192
TRX_100929,ACC_013,24.801914825310057
TRX_100930,ACC_004,
TRX_100931,ACC_008,183.03402163946797
TRX_100932,ACC_007,67.41804730316868
TRX_100933,ACC_017,832.0088828858864
TRX_100934,ACC_001,294.6109660101227
TRX_100935,ACC_005,88.94027973514194
TRX_100936,ACC_011,136.61589155976438
TRX_100937,ACC_017,7962.902067940108
TRX_100938,ACC_013,605.4572451670398
TRX_100939,ACC_014,21.772889853289286
TRX_100940,ACC_012,78.4396336093237
TRX_100941,ACC_005,42.529329486196055
TRX_100942,ACC_005,266.01510942880475
TRX_100943,ACC_003,49.60284878093047
TRX_100944,ACC_010,43.54044137702034
TRX_100945,ACC_016,6454.771356389055
TRX_100946,ACC_013,299.4671762214488
TRX_100947,ACC_005,106.86263706927706
TRX_100948,ACC_005,197.53514270871685
TRX_100949,ACC_011,188.26849478684642
TRX_100950,ACC_015,6077.5323826620825
TRX_100951,ACC_011,176.70399303170123
TRX_100952,ACC_003,144.51557736692388
TRX_100953,ACC_015,471.60242039304296
TRX_100954,ACC_016,223.6247639316045
TRX_100955,ACC_014,122.57544125880607
TRX_100956,ACC_013,125.4833226342974
TRX_100957,ACC_002,37.63801445187985
TRX_100958,ACC_015,317.5904949823242
TRX_100959,ACC_012,197.47239674805317
TRX_100960,ACC_010,273.045936308448
TRX_100961,ACC_005,477.1437080775679
TRX_100962,ACC_005,
TRX_100963,ACC_015,90.06265271069773
TRX_100964,ACC_009,269.5126190754153
TRX_100965,ACC_003,26.888286086671286
TRX_100966,ACC_017,670.3464834198505
TRX_100967,ACC_016,138.4920873487709
TRX_100968,ACC_013,483.1818342720789
TRX_100969,ACC_009,346.60931153955886
TRX_100970,ACC_013,90.35087132404483
TRX_100971,ACC_012,66.02174444108917
TRX_100972,ACC_009,266.1760292329828
TRX_100973,ACC_009,305.5199822301508
TRX_100974,ACC_002,161.66051207566025
TRX_100975,ACC_017,5555.220142082218
TRX_100976,ACC_015,151.72572670236326
TRX_100977,ACC_005,153.32619262779622
TRX_100978,ACC_015,140.5241080109847
TRX_100979,ACC_007,332.9078718482676
TRX_100980,ACC_011,66.65535652517667
TRX_100981,ACC_014,318.746668796027
TRX_100982,ACC_013,228.93166485146406
TRX_100983,ACC_005,235.01176764536643
TRX_100984,ACC_004,99.6660526230516
TRX_100985,ACC_010,
TRX_100986,ACC_017,328.62493967525995
TRX_100987,ACC_010,94.35843544260425
TRX_100988,ACC_009,71.09534973820371
TRX_100989,ACC_006,156.7687764424813
TRX_100990,ACC_003,155.4236536510133
TRX_100991,ACC_014,50.93939716649435
TRX_100992,ACC_006,61.60753274325316
TRX_100993,ACC_009,185.86564781526005
TRX_100994,ACC_007,59.29734778381142
TRX_100995,ACC_010,159.66891897339215
TRX_100996,ACC_010,113.47231915552504
TRX_100997,ACC_009,182.1449923102641
TRX_100998,ACC_010,24.245338453120542
TRX_100999,ACC_016,126.77769717194752
TRX_101000,ACC_011,437.4833414673078
TRX_101001,ACC_017,311.68406918539256
TRX_101002,ACC_012,267.53367812565625
TRX_101003,ACC_003,263.3186749335267
TRX_101004,ACC_020,99.58008504553862
TRX_101005,ACC_003,312.26598299728437
TRX_101006,ACC_012,493.4807692530485
TRX_101007,ACC_012,88.62122764971801
TRX_101008,ACC_013,278.2377436088525
TRX_101009,ACC_005,56.98240662226666
TRX_101010,ACC_017,387.4739405590446
TRX_101011,ACC_002,68.0387880002775
TRX_101012,ACC_009,137.8828472823953
TRX_101013,ACC_012,272.45111572225437
TRX_101014,ACC_002,354.2425818254673
TRX_101015,ACC_018,49.193651022541786
TRX_101016,ACC_004,168.2855355568229
TRX_101017,ACC_002,878.9405943987235
TRX_101018,ACC_016,95.00874429307197
TRX_101019,ACC_013,133.1171482705763
TRX_101020,ACC_015,329.5897908414214
TRX_101021,ACC_017,529.8667570847622
TRX_101022,ACC_007,366.85153982701297
TRX_101023,ACC_012,52.03375988674651
TRX_101024,ACC_012,86.5292541089645
TRX_101025,ACC_017,309.8272849024878
TRX_101026,ACC_003,49.00983295050956
TRX_101027,ACC_008,86.7239788639624
TRX_101028,ACC_015,117.50508435314451
TRX_101029,ACC_012,170.57385465060108
TRX_101030,ACC_001,98.05192221704506
TRX_101031,ACC_020,22.77039052206302
TRX_101032,ACC_017,198.2669928907649
TRX_101033,ACC_005,81.82004989960842
TRX_101034,ACC_013,32.260958863528046
TRX_101035,ACC_012,196.22620675482327
TRX_101036,ACC_015,99.32785941955046
TRX_101037,ACC_020,28.962281409718884
TRX_101038,ACC_012,87.02918970321169
TRX_101039,ACC_017,11967.164502667496
TRX_101040,ACC_020,19.53086643635303
TRX_101041,ACC_012,269.45295581555854
TRX_101042,ACC_020,23.580572644887148
TRX_101043,ACC_010,375.0395122384567
TRX_101044,ACC_016,858.8152914583515
TRX_101045,ACC_001,164.1658815947734
TRX_101046,ACC_004,83.07658902198148
TRX_101047,ACC_009,412.5640376196128
TRX_101048,ACC_017,259.1926825987738
TRX_101049,ACC_018,36.330673253320384
TRX_101050,ACC_006,273.8114378218347
TRX_101051,ACC_017,1964.424132394145
TRX_101052,ACC_009,101.15897669236253
TRX_101053,ACC_014,146.18516647563794
TRX_101054,ACC_003,16.95609517678743
TRX_101055,ACC_008,92.86499586705487
TRX_101056,ACC_011,90.86691792290058
TRX_101057,ACC_007,567.3845792025245
TRX_101058,ACC_015,1085.0568764691595
TRX_101059,ACC_001,106.00315870299637
TRX_101060,ACC_004,80.01174355092255
TRX_101061,ACC_014,270.13536073918533
TRX_101062,ACC_008,354.085241189742
TRX_101063,ACC_011,103.94803433383184
TRX_101064,ACC_012,85.65262574800624
TRX_101065,ACC_004,116.04176066253945
TRX_101066,ACC_014,240.82941047466392
TRX_101067,ACC_011,442.2987650088282
TRX_101068,ACC_016,105.79731530305304
TRX_101069,ACC_019,5.8495691004372805
TRX_101070,ACC_016,149.32782243390812
TRX_101071,ACC_019,33.46518760043957
TRX_101072,ACC_005,244.6326071979292
TRX_101073,ACC_017,589.2931354073851
TRX_101074,ACC_002,50.907637608663705
TRX_101075,ACC_011,452.3172033270577
TRX_101076,ACC_016,149.86617313018778
TRX_101077,ACC_001,156.89492120777558
TRX_101078,ACC_002,230.8409407087427
TRX_101079,ACC_007,353.1095262903928
TRX_101080,ACC_017,69.60140980411923
TRX_101081,ACC_005,240.78605926066112
TRX_101082,ACC_017,
TRX_101083,ACC_003,58.49812492118299
TRX_101084,ACC_003,150.72374082986826
TRX_101085,ACC_008,104.26310026704368
TRX_101086,ACC_004,833.7101290487219
TRX_101087,ACC_005,612.4727038602404
TRX_101088,ACC_016,384.1891404670964
TRX_101089,ACC_015,48.06802597655292
TRX_101090,ACC_011,182.58870965328944
TRX_101091,ACC_017,126.18059846835516
TRX_101092,ACC_011,180.19484249521548
TRX_101093,ACC_004,125.27433603508318
TRX_101094,ACC_010,174.34522561375536
TRX_101095,ACC_017,1529.9932982900857
TRX_101096,ACC_016,3630.9917875029387
TRX_101097,ACC_012,144.1225537487075
TRX_101098,ACC_017,187.09607033361326
TRX_101099,ACC_018,7.63350839258566
TRX_101100,ACC_003,270.17207982717935
TRX_101101,ACC_012,431.3474260282967
TRX_101102,ACC_011,222.54412228797378
TRX_101103,ACC_005,11.386100059732364
TRX_101104,ACC_003,571.8419417123266
TRX_101105,ACC_006,114.86204687465825
TRX_101106,ACC_012,241.3209054606535
TRX_101107,ACC_009,478.2381704211106
TRX_101108,ACC_007,5.548559282900858
TRX_101109,ACC_007,108.00938865362346
TRX_101110,ACC_007,610.0687823576002
TRX_101111,ACC_017,703.318107377791
TRX_101112,ACC_006,371.0567313905983
TRX_101113,ACC_008,81.64743491227416
TRX_101114,ACC_007,254.91636031182838
TRX_101115,ACC_002,135.15067294189237
TRX_101116,ACC_006,141.9459325775823
TRX_101117,ACC_002,211.46860159270423
TRX_101118,ACC_003,76.19866239744078
TRX_101119,ACC_001,415.4361373804371
TRX_101120,ACC_012,197.8579631625187
TRX_101121,ACC_007,69.54819050519588
TRX_101122,ACC_017,2836.698571047175
TRX_101123,ACC_016,84.89159308324152
TRX_101124,ACC_010,249.95960281710987
TRX_101125,ACC_016,123.61574953223447
TRX_101126,ACC_017,497.4691406674562
TRX_101127,ACC_003,129.8561818126467
TRX_101128,ACC_015,829.3673547687384
TRX_101129,ACC_019,7.01095579863427
TRX_101130,ACC_003,284.20194871662983
TRX_101131,ACC_009,120.92536642880079
TRX_101132,ACC_015,68.05524827535919
TRX_101133,ACC_007,377.38221381412626
TRX_101134,ACC_010,236.72932798213986
TRX_101135,ACC_015,4045.164347545133
TRX_101136,ACC_019,25.674259380027944
TRX_101137,ACC_006,75.13037342089306
TRX_101138,ACC_011,394.8934480011904
TRX_101139,ACC_003,286.0540196398451
TRX_101140,ACC_015,610.1266255308725
TRX_101141,ACC_006,92.27559028643314
TRX_101142,ACC_001,163.71180718450117
TRX_101143,ACC_012,89.18380052826261
TRX_101144,ACC_001,289.5414750261676
TRX_101145,ACC_015,4094.1020820468793
TRX_101146,ACC_016,251.39268225048102
TRX_101147,ACC_002,16.357806659057164
TRX_101148,ACC_013,372.93661250056977
TRX_101149,ACC_016,1795.7768785516737
TRX_101150,ACC_017,297.33206150561597
TRX_101151,ACC_007,95.50836140817876
TRX_101152,ACC_006,246.40868584374164
TRX_101153,ACC_005,327.5673192974695
TRX_101154,ACC_003,86.10542234928216
TRX_101155,ACC_017,154.82224197677186
TRX_101156,ACC_006,213.39926557298946
TRX_101157,ACC_017,111.22651943352625
TRX_101158,ACC_015,
TRX_101159,ACC_001,49.62600241005564
TRX_101160,ACC_007,181.0019221454945
TRX_101161,ACC_006,147.91971199257446
TRX_101162,ACC_009,97.02974602951008
TRX_101163,ACC_005,383.7865399275172
TRX_101164,ACC_015,188.32644055570972
TRX_101165,ACC_004,18.297392309272528
TRX_101166,ACC_018,9.017074000175906
TRX_101167,ACC_003,186.1045230899942
TRX_101168,ACC_005,273.54870186633474
TRX_101169,ACC_015,30980.13014323827
TRX_101170,ACC_015,9996.494558455071
TRX_101171,ACC_011,68.48156387904521
TRX_101172,ACC_015,7208.009527260379
TRX_101173,ACC_015,284.16055382720464
TRX_101174,ACC_005,324.0015048907435
TRX_101175,ACC_016,377.0930657253359
TRX_101176,ACC_003,101.95561136963846
TRX_101177,ACC_010,333.12541006223626
TRX_101178,ACC_019,3.0731734063859126
TRX_101179,ACC_016,4150.7750596830965
TRX_101180,ACC_004,303.3490204238678
TRX_101181,ACC_001,46.6702329519266
TRX_101182,ACC_012,188.15173925085125
TRX_101183,ACC_006,203.11432395332037
TRX_101184,ACC_002,494.3224366671612
TRX_101185,ACC_014,313.7076389276899
TRX_101186,ACC_017,8165.027587598341
TRX_101187,ACC_015,748.7934225992573
TRX_101188,ACC_010,145.81985356516319
TRX_101189,ACC_016,189.51438047399415
TRX_101190,ACC_012,166.8906714407403
TRX_101191,ACC_004,126.66604115136151
TRX_101192,ACC_016,697.7363097070814
TRX_101193,ACC_015,2396.4010895057036
TRX_101194,ACC_013,227.01136627991824
TRX_101195,ACC_018,93.46891674807421
TRX_101196,ACC_019,39.807789672370305
TRX_101197,ACC_007,249.46385725774283
TRX_101198,ACC_015,224.91225682012828
TRX_101199,ACC_013,373.92059081340994
TRX_101200,ACC_009,39.50667162940185
TRX_101201,ACC_016,555.8200861844518
TRX_101202,ACC_006,236.77979985443446
TRX_101203,ACC_002,242.14842012101175
TRX_101204,ACC_003,542.5655078122918
TRX_101205,ACC_012,472.57736053574746
TRX_101206,ACC_015,447.12907933010524
TRX_101207,ACC_004,6.196066910277046
TRX_101208,ACC_010,242.14520696588772
TRX_101209,ACC_005,91.4875255118503
TRX_101210,ACC_014,137.87221647736934
TRX_101211,ACC_005,128.82335695291172
TRX_101212,ACC_015,523.5911212911462
TRX_101213,ACC_010,211.41391384834586
TRX_101214,ACC_013,484.2683699900662
TRX_101215,ACC_015,1728.951253852795
TRX_101216,ACC_011,228.467327854587
TRX_101217,ACC_011,148.71197344529145
TRX_101218,ACC_007,125.8789195589166
TRX_101219,ACC_015,
TRX_101220,ACC_001,307.82531262824415
TRX_101221,ACC_001,25.706958965335
TRX_101222,ACC_016,142.5777410237169
TRX_101223,ACC_017,374.88310750691363
TRX_101224,ACC_009,18.28166879483514
TRX_101225,ACC_010,65.91181230958018
TRX_101226,ACC_007,708.4170153048303
TRX_101227,ACC_010,120.09465966964059
TRX_101228,ACC_003,76.5972652643681
TRX_101229,ACC_013,362.01842297596016
TRX_101230,ACC_008,383.10493633073645
TRX_101231,ACC_020,12.17869694411292
TRX_101232,ACC_012,265.53349749065933
TRX_101233,ACC_008,229.2072552303207
TRX_101234,ACC_020,12.540152247065338
TRX_101235,ACC_006,47.25740940773622
TRX_101236,ACC_016,247.80944282955826
TRX_101237,ACC_003,302.9037182375241
TRX_101238,ACC_017,185.07400108226994
TRX_101239,ACC_015,7372.805838877888
TRX_101240,ACC_005,534.4013137859594
TRX_101241,ACC_016,338.2237543047594
TRX_101242,ACC_016,462.14700310767046
TRX_101243,ACC_010,183.90023227402756
TRX_101244,ACC_007,144.9202620612532
TRX_101245,ACC_010,250.97413380189994
TRX_101246,ACC_012,208.62740912250982
TRX_101247,ACC_008,147.62635906868178
TRX_101248,ACC_002,17.101469954244212
TRX_101249,ACC_005,295.92452235355535
TRX_101250,ACC_016,383.7683928795452
TRX_101251,ACC_005,125.2686701632566
TRX_101252,ACC_017,311.68463562549863
TRX_101253,ACC_016,4163.256818349512
TRX_101254,ACC_003,294.8890627551436
TRX_101255,ACC_010,55.79364717674862
TRX_101256,ACC_007,387.23974645824006
TRX_101257,ACC_008,133.0575647708615
TRX_101258,ACC_010,476.17013879378646
TRX_101259,ACC_016,2418.6167716930627
TRX_101260,ACC_015,290.4816550871491
TRX_101261,ACC_016,162.09203241867212
TRX_101262,ACC_006,34.5531682490707
TRX_101263,ACC_008,133.47851314141047
TRX_101264,ACC_017,122.93235102194691
TRX_101265,ACC_013,63.57064348827872
TRX_101266,ACC_003,330.99058730558306
TRX_101267,ACC_001,145.4138690824541
TRX_101268,ACC_005,78.39932729268773
TRX_101269,ACC_003,318.35042381154886
TRX_101270,ACC_012,
TRX_101271,ACC_016,620.2251953095076
TRX_101272,ACC_017,48.37361475866825
TRX_101273,ACC_005,44.9132050448128
TRX_101274,ACC_014,
TRX_101275,ACC_007,285.978597453969
TRX_101276,ACC_005,358.686465498107
TRX_101277,ACC_012,115.4700201862697
TRX_101278,ACC_013,181.70388391421676
TRX_101279,ACC_015,197.93558295028305
TRX_101280,ACC_005,124.20369850131605
TRX_101281,ACC_010,177.14282531524591
TRX_101282,ACC_006,175.24654970823033
TRX_101283,ACC_003,61.263481823179
TRX_101284,ACC_001,425.53723712145955
TRX_101285,ACC_005,265.340660658881
TRX_101286,ACC_003,294.85907540024255
TRX_101287,ACC_020,30.881885995194025
TRX_101288,ACC_015,61.85949838007633
TRX_101289,ACC_017,3771.8797535343588
TRX_101290,ACC_009,131.1185645044589
TRX_101291,ACC_012,767.6959928610236
TRX_101292,ACC_005,76.72799810072897
TRX_101293,ACC_011,42.159723996398
TRX_101294,ACC_010,353.7854723632442
TRX_101295,ACC_004,100.43505141074034
TRX_101296,ACC_008,207.0893672214299
TRX_101297,ACC_017,186.45601652874393
TRX_101298,ACC_010,405.9544140483286
TRX_101299,ACC_014,218.9466393592462
TRX_101300,ACC_019,35.05055403389607
TRX_101301,ACC_016,129.09207358351472
TRX_101302,ACC_017,5678.733500927557
TRX_101303,ACC_007,168.3283292867611
TRX_101304,ACC_013,236.60346863288137
TRX_101305,ACC_014,120.91079363009693
TRX_101306,ACC_007,89.8344521347548
TRX_101307,ACC_011,145.03518343998948
TRX_101308,ACC_013,238.51300762947773
TRX_101309,ACC_010,70.02919295553694
TRX_101310,ACC_009,328.3680002565069
TRX_101311,ACC_014,691.0576256884008
TRX_101312,ACC_004,90.26321693656108
TRX_101313,ACC_008,146.86230227879946
TRX_101314,ACC_010,319.1598497700626
TRX_101315,ACC_017,528.380294290849
TRX_101316,ACC_004,35.24065732786214
TRX_101317,ACC_015,300.214710847186
TRX_101318,ACC_001,61.82243574880163
TRX_101319,ACC_017,358.39900659800213
TRX_101320,ACC_005,85.4053592463988
TRX_101321,ACC_009,454.5233603249981
TRX_101322,ACC_017,414.2369962157362
TRX_101323,ACC_017,793.172379260845
TRX_101324,ACC_001,226.7552944241802
TRX_101325,ACC_007,127.9136545890247
TRX_101326,ACC_006,108.37864346037802
TRX_101327,ACC_003,131.050703873506
TRX_101328,ACC_008,190.63100921965582
TRX_101329,ACC_004,15.992596584349508
TRX_101330,ACC_001,104.68442130275595
TRX_101331,ACC_006,118.94490275902407
TRX_101332,ACC_020,36.82300792310207
TRX_101333,ACC_001,343.7577680188812
TRX_101334,ACC_017,6778.477503143095
TRX_101335,ACC_009,122.16018829825603
TRX_101336,ACC_018,21.643649574224707
TRX_101337,ACC_007,247.60512153440715
TRX_101338,ACC_012,126.76597500227551
TRX_101339,ACC_013,125.39461041433488
TRX_101340,ACC_008,225.81407497607097
TRX_101341,ACC_016,150.54909073393347
TRX_101342,ACC_002,37.76199793597886
TRX_101343,ACC_003,84.96239042835127
TRX_101344,ACC_006,194.30522718413027
TRX_101345,ACC_002,149.35213420705637
TRX_101346,ACC_010,375.6732047996401
TRX_101347,ACC_013,376.00898660413617
TRX_101348,ACC_007,37.033384985901
TRX_101349,ACC_003,483.26131595051356
TRX_101350,ACC_008,90.05433501935877
TRX_101351,ACC_017,146.76660210815356
TRX_101352,ACC_012,280.1453789575759
TRX_101353,ACC_014,119.21289039901113
TRX_101354,ACC_003,333.18060282499613
TRX_101355,ACC_018,15.78744767820447
TRX_101356,ACC_011,146.2589998140101
TRX_101357,ACC_016,523.7323880665756
TRX_101358,ACC_015,406.5192268617584
TRX_101359,ACC_008,57.6871320181782
TRX_101360,ACC_003,16.99986073100104
TRX_101361,ACC_016,193.44337082909533
TRX_101362,ACC_011,114.98466235267617
TRX_101363,ACC_002,136.53519380226345
TRX_101364,ACC_017,45.82728541430967
TRX_101365,ACC_006,255.2751856356644
TRX_101366,ACC_013,270.8090060690829
TRX_101367,ACC_015,752.2506538233408
TRX_101368,ACC_014,7.550112484281872
TRX_101369,ACC_010,
TRX_101370,ACC_002,142.3817779137334
TRX_101371,ACC_011,150.07669032078405
TRX_101372,ACC_015,10573.264052419556
TRX_101373,ACC_007,119.5297504265989
TRX_101374,ACC_016,
TRX_101375,ACC_003,75.18057604520013
TRX_101376,ACC_004,321.2396457577293
TRX_101377,ACC_015,522.8997925663093
TRX_101378,ACC_020,2.887980107299649
TRX_101379,ACC_011,320.4125919639244
TRX_101380,ACC_012,106.07701273536587
TRX_101381,ACC_015,5515.550164772068
TRX_101382,ACC_012,92.13952109737777
TRX_101383,ACC_001,339.9896874249138
TRX_101384,ACC_012,244.96367978055358
TRX_101385,ACC_011,228.43269990859798
TRX_101386,ACC_020,2.4027797153903316
TRX_101387,ACC_006,90.20615425191389
TRX_101388,ACC_006,210.1055588341455
TRX_101389,ACC_003,34.64711689780678
TRX_101390,ACC_008,20.82490978126932
TRX_101391,ACC_010,86.43206826713877
TRX_101392,ACC_015,12722.722190961622
TRX_101393,ACC_014,
TRX_101394,ACC_009,35.89233428664694
TRX_101395,ACC_017,401.3701784618369
TRX_101396,ACC_010,102.44104544423014
TRX_101397,ACC_009,57.513974047562186
TRX_101398,ACC_007,58.15245416921789
TRX_101399,ACC_015,351.4786919417972
TRX_101400,ACC_002,263.2961529610779
TRX_101401,ACC_001,231.75679627599575
TRX_101402,ACC_013,55.127405545109696
TRX_101403,ACC_006,206.35347141569804
TRX_101404,ACC_013,113.97158539364484
TRX_101405,ACC_008,122.95602910363411
TRX_101406,ACC_006,189.85628538434048
TRX_101407,ACC_016,473.3985123873029
TRX_101408,ACC_010,147.00978683596168
TRX_101409,ACC_015,579.3937635009174
TRX_101410,ACC_017,7023.6887660126995
TRX_101411,ACC_012,38.35483962512714
TRX_101412,ACC_006,299.2789856127907
TRX_101413,ACC_005,24.157559992510553
TRX_101414,ACC_011,278.46338622080873
TRX_101415,ACC_004,239.35170776214463
TRX_101416,ACC_009,50.457613827106314
TRX_101417,ACC_007,97.79751211619094
TRX_101418,ACC_001,189.31193256509997
TRX_101419,ACC_018,6.079045623041094
TRX_101420,ACC_014,320.8964751174586
TRX_101421,ACC_020,4.240231286386116
TRX_101422,ACC_016,294.3518645217107
TRX_101423,ACC_007,130.49163309751714
TRX_101424,ACC_005,219.17494459806144
TRX_101425,ACC_009,254.05440541342514
TRX_101426,ACC_002,70.98779378233057
TRX_101427,ACC_013,306.6677275830302
TRX_101428,ACC_001,106.44646775391125
TRX_101429,ACC_014,266.40508893068903
TRX_101430,ACC_010,137.07741919568957
TRX_101431,ACC_019,2.39714125519464
TRX_101432,ACC_001,229.25615263723768
TRX_101433,ACC_016,181.12697465168642
TRX_101434,ACC_014,211.42419786590895
TRX_101435,ACC_013,115.18115968407159
TRX_101436,ACC_014,366.91605473368594
TRX_101437,ACC_003,103.71758941849424
TRX_101438,ACC_012,298.7308058465673
TRX_101439,ACC_013,143.52450147499206
TRX_101440,ACC_017,559.5300824330797
TRX_101441,ACC_006,29.718076533551933
TRX_101442,ACC_008,273.58717159838517
TRX_101443,ACC_016,2437.9018171575312
TRX_101444,ACC_004,299.62415638176185
TRX_101445,ACC_017,27.593054109994938
TRX_101446,ACC_017,143.35130160128207
TRX_101447,ACC_015,319.34634641161966
TRX_101448,ACC_002,185.44246460408692
TRX_101449,ACC_009,57.598281807693716
TRX_101450,ACC_005,118.12230439153697
TRX_101451,ACC_006,95.75312847579941
TRX_101452,ACC_010,174.5675599777562
TRX_101453,ACC_019,17.475230555186712
TRX_101454,ACC_002,509.66198409978733
TRX_101455,ACC_010,121.14130223993666
TRX_101456,ACC_010,136.58674029140994
TRX_101457,ACC_003,261.35614272558524
TRX_101458,ACC_017,1670.4241596471318
TRX_101459,ACC_009,145.52283324501906
TRX_101460,ACC_016,197.14857353313715
TRX_101461,ACC_001,72.62876175112547
TRX_101462,ACC_009,236.6741607418342
TRX_101463,ACC_015,2246.70156397461
TRX_101464,ACC_012,138.55367959089793
TRX_101465,ACC_020,22.862596333844074
TRX_101466,ACC_019,7.150808630524051
TRX_101467,ACC_006,102.77708713806821
TRX_101468,ACC_009,156.2146386238052
TRX_101469,ACC_006,200.06067190721853
TRX_101470,ACC_013,229.12472552670326
TRX_101471,ACC_003,109.25539770926747
TRX_101472,ACC_016,402.49111073434096
TRX_101473,ACC_012,252.9725989068074
TRX_101474,ACC_017,93.82888418477282
TRX_101475,ACC_014,394.36810778201465
TRX_101476,ACC_015,524.1921097108183
TRX_101477,ACC_020,20.952638865838644
TRX_101478,ACC_008,278.48263959881416
TRX_101479,ACC_015,272.2807798618304
TRX_101480,ACC_015,293.0405088937544
TRX_101481,ACC_009,111.22392411744784
TRX_101482,ACC_005,207.12014584257395
TRX_101483,ACC_019,2.27076523528098
TRX_101484,ACC_013,323.42622441864296
TRX_101485,ACC_012,166.87577010367377
TRX_101486,ACC_016,339.22932022357264
TRX_101487,ACC_013,254.11752651770064
TRX_101488,ACC_016,184.94109710793606
TRX_101489,ACC_015,75.89584326450455
TRX_101490,ACC_007,268.78350540113945
TRX_101491,ACC_007,55.83845866026715
TRX_101492,ACC_016,4764.143432059949
TRX_101493,ACC_007,264.6763945442653
TRX_101494,ACC_003,169.18131565965498
TRX_101495,ACC_002,376.46971669903564
TRX_101496,ACC_001,162.34554371315437
TRX_101497,ACC_017,419.94531714490995
TRX_101498,ACC_010,95.9885175262355
TRX_101499,ACC_010,142.07184547943524
