Invoice ID,Branch,Date,Sales,log_Sales,zscore_log_Sales,was_outlier,Sales_silver,is_treated
750-67-8428,Alex,1/5/2019,548.9715,6.30986645870209,0.9554290358259745,0,548.9715,0
226-31-3081,Giza,3/8/2019,80.22,4.397161522258152,-1.1257303052169636,0,80.22,0
631-41-3108,Alex,3/3/2019,340.5255,5.833422346794147,0.43702387301732726,0,340.5255,0
123-19-1176,Alex,1/27/2019,489.048,6.194503345490658,0.8299057436039481,0,489.048,0
373-73-7910,Alex,2/8/2019,634.3785,6.454220884309833,1.1124969429298193,0,634.3785,0
699-14-3026,Giza,3/25/2019,627.6165,6.443521372825845,1.1008551115917897,0,627.6165,0
355-53-5943,Alex,2/25/2019,433.692,6.074637734328736,0.6994834125970306,0,433.692,0
315-22-5665,Giza,2/24/2019,772.38,6.650770518999156,1.3263569588781035,0,772.38,0
665-32-9167,Alex,1/10/2019,76.146,4.345699730413866,-1.1817244038167516,0,76.146,0
692-92-5582,Cairo,2/20/2019,172.746,5.157594462597167,-0.29832504951370115,0,172.746,0
351-62-0822,Cairo,2/6/2019,60.816,4.124162230631283,-1.422772998547209,0,60.816,0
529-56-3974,Cairo,3/9/2019,107.142,4.683445178326946,-0.8142332762380992,0,107.142,0
365-64-0515,Alex,2/12/2019,246.4875,5.511360075682817,0.08659715996299386,0,246.4875,0
252-56-2699,Alex,2/7/2019,453.495,6.119186912456911,0.747956094624824,0,453.495,0
829-34-3910,Alex,3/29/2019,749.49,6.620726326534379,1.2936667354145668,0,749.49,0
299-46-1805,Cairo,1/15/2019,590.436,6.382553478071639,1.0345176952690507,0,590.436,0
656-95-9349,Alex,3/11/2019,506.6355,6.229763670352992,0.8682714910108037,0,506.6355,0
765-26-6951,Alex,1/1/2019,457.443,6.127835965538681,0.7573668810296355,0,457.443,0
329-62-1586,Alex,1/21/2019,172.2105,5.154507617847383,-0.30168375668434666,0,172.2105,0
319-50-3348,Cairo,3/11/2019,84.63,4.450035689038101,-1.0681994419890282,0,84.63,0
300-71-4605,Giza,2/25/2019,451.71,6.115251743882057,0.743674350649529,0,451.71,0
371-85-5789,Cairo,3/5/2019,277.137,5.628113798057155,0.21363353410057365,0,277.137,0
273-16-6619,Cairo,3/15/2019,69.72,4.258728418329388,-1.2763553921613973,0,69.72,0
636-48-8204,Alex,2/17/2019,181.44,5.2064213518435,-0.24519791280123077,0,181.44,0
549-59-1358,Alex,3/2/2019,279.1845,5.6354483147425665,0.22161401118359808,0,279.1845,0
227-03-5010,Alex,3/22/2019,441.756,6.093018828236845,0.7194833532865604,0,441.756,0
649-29-6775,Cairo,2/8/2019,35.196,3.5889486154888868,-2.005123570966305,0,35.196,0
189-17-4241,Alex,3/10/2019,184.107,5.220934036260394,-0.22940707744427205,0,184.107,0
145-94-9061,Cairo,1/25/2019,463.89,6.141800818463045,0.7725616366639592,0,463.89,0
848-62-7243,Alex,3/15/2019,235.2105,5.464723356627886,0.03585308457140997,0,235.2105,0
871-79-8483,Cairo,2/25/2019,494.1825,6.2049263814890745,0.8412467499017933,0,494.1825,0
149-71-6266,Cairo,1/28/2019,737.7615,6.6049751354350175,1.2765283164852286,0,737.7615,0
640-49-2076,Cairo,1/10/2019,703.752,6.55784596787597,1.2252484220110478,0,703.752,0
595-11-5460,Alex,3/15/2019,202.818,5.317227438772677,-0.12463299007676251,0,202.818,0
183-56-6882,Giza,2/6/2019,417.564,6.036829805358039,0.6583456902836551,0,417.564,0
232-16-2483,Giza,1/7/2019,71.526,4.283945118261254,-1.2489178247595738,0,71.526,0
129-29-8530,Alex,3/10/2019,328.755,5.798349954484741,0.3988626096270909,0,328.755,0
272-65-1806,Alex,1/15/2019,575.316,6.356656121374943,1.0063395247782836,0,575.316,0
333-73-7901,Giza,3/23/2019,461.328,6.136274595891649,0.7665487125029933,0,461.328,0
777-82-7220,Cairo,3/3/2019,253.008,5.537365762585538,0.11489320144153901,0,253.008,0
280-35-5823,Cairo,1/17/2019,91.056,4.522397087521157,-0.9894650812862598,0,91.056,0
554-53-8700,Giza,2/2/2019,117.831,4.777702315649846,-0.7116747905763089,0,117.831,0
354-25-5821,Cairo,2/8/2019,435.456,6.07868756836605,0.7038899207707898,0,435.456,0
228-96-1411,Giza,3/4/2019,829.08,6.721522081688025,1.4033397034602755,0,829.08,0
617-15-4209,Giza,3/16/2019,32.277,3.5048664676590033,-2.096610942613105,0,32.277,0
132-32-9879,Cairo,3/9/2019,394.632,5.980484486264819,0.5970379658560111,0,394.632,0
370-41-7321,Cairo,2/27/2019,535.7205,6.285477474838638,0.928892082520288,0,535.7205,0
727-46-3608,Cairo,2/6/2019,189.0945,5.247521316934862,-0.2004782204761545,0,189.0945,0
669-54-1719,Cairo,2/10/2019,119.259,4.789647750260037,-0.6986773060463451,0,119.259,0
574-22-5561,Giza,3/19/2019,867.615,6.766899989120389,1.452714102056969,0,867.615,0
326-78-5178,Giza,2/3/2019,671.79,6.511433245290252,1.174748070748253,0,671.79,0
162-48-8011,Alex,2/10/2019,234.0975,5.460000321716622,0.030714085849567134,0,234.0975,0
616-24-2851,Cairo,3/22/2019,75.054,4.331443614297803,-1.1972360745698463,0,75.054,0
778-71-5554,Giza,1/25/2019,16.2015,2.844996589319223,-2.814596417012989,1,19.188435,1
242-55-6721,Cairo,3/7/2019,33.936,3.55351781618326,-2.0436748067217865,0,33.936,0
399-46-5918,Giza,2/28/2019,722.232,6.583730055886673,1.2534121552254371,0,722.232,0
106-35-6779,Alex,3/27/2019,93.114,4.544506813420856,-0.9654081231494729,0,93.114,0
635-40-6220,Alex,2/7/2019,752.64,6.6249148004098,1.2982240936167955,0,752.64,0
817-48-8732,Alex,1/20/2019,759.675,6.634206196996269,1.3083337955519065,0,759.675,0
120-06-4233,Giza,3/12/2019,192.843,5.267048553070307,-0.17923119532674098,0,192.843,0
285-68-5083,Giza,2/15/2019,77.931,4.368574053094001,-1.1568355098693663,0,77.931,0
803-83-5989,Giza,2/24/2019,351.099,5.86391238605473,0.47019920958225664,0,351.099,0
347-34-2234,Cairo,2/3/2019,520.4115,6.25653955725924,0.8974055650061631,0,520.4115,0
199-75-8169,Alex,3/6/2019,166.005,5.118023752088319,-0.34138080382168395,0,166.005,0
853-23-2453,Cairo,2/14/2019,318.108,5.76552960348075,0.3631517277410147,0,318.108,0
877-22-3308,Alex,3/13/2019,166.635,5.1217889967948445,-0.3372839491301981,0,166.635,0
838-78-4295,Giza,2/10/2019,70.287,4.266713982605702,-1.2676665288817068,0,70.287,0
109-28-2512,Cairo,1/7/2019,614.943,6.423154426784595,1.0786944221960322,0,614.943,0
232-11-3025,Alex,1/24/2019,827.085,6.719115806121221,1.4007215040832783,0,827.085,0
382-03-4532,Alex,2/2/2019,19.2465,3.0079819391079066,-2.6372567360706163,0,19.2465,0
393-65-2792,Giza,1/6/2019,939.54,6.846454178405533,1.5392747319770708,0,939.54,0
796-12-2025,Giza,2/11/2019,652.26,6.481975212358564,1.1426956306481535,0,652.26,0
510-95-6347,Cairo,3/5/2019,152.838,5.035900100675996,-0.43073719173118863,0,152.838,0
841-35-6630,Giza,3/9/2019,478.233,6.172186909204794,0.8056238698291754,0,478.233,0
287-21-9091,Alex,1/22/2019,705.6315,6.560509313608729,1.228146332056945,0,705.6315,0
732-94-0499,Giza,1/13/2019,437.325,6.082960644356192,0.708539332105716,0,437.325,0
263-10-3913,Giza,1/9/2019,463.428,6.140806540857186,0.771479791739739,0,463.428,0
381-20-0914,Alex,1/12/2019,189.0945,5.247521316934862,-0.2004782204761545,0,189.0945,0
829-49-1914,Giza,3/5/2019,822.255,6.71326599472725,1.3943564922124265,0,822.255,0
756-01-7507,Giza,1/22/2019,106.995,4.682084929756217,-0.8157133236647435,0,106.995,0
870-72-4431,Giza,1/21/2019,624.897,6.43918582082123,1.0961377218987625,0,624.897,0
847-38-7188,Cairo,1/26/2019,304.542,5.7220872487039385,0.31588334843272925,0,304.542,0
480-63-2856,Giza,1/23/2019,161.7,5.091908014224992,-0.36979658859167547,0,161.7,0
787-56-0757,Giza,2/23/2019,337.512,5.824559542240961,0.4273805097717697,0,337.512,0
360-39-5055,Giza,3/9/2019,256.7775,5.552096809737349,0.1309216310227022,0,256.7775,0
730-50-9884,Giza,3/5/2019,610.491,6.415900237112131,1.070801346630173,0,610.491,0
362-58-8315,Giza,3/25/2019,401.73,5.99826636222691,0.6163859146978091,0,401.73,0
633-44-8566,Alex,3/27/2019,362.943,5.89699726196812,0.5061979134296,0,362.943,0
504-35-8843,Alex,1/2/2019,44.5935,3.81976516250035,-1.7539787112822653,0,44.5935,0
318-68-5053,Cairo,2/27/2019,485.037,6.1862847526898666,0.820963328675383,0,485.037,0
565-80-5980,Giza,1/23/2019,198.996,5.298297366348034,-0.14523025853282087,0,198.996,0
225-32-0908,Giza,1/26/2019,471.03,6.1570425428877815,0.7891457195278414,0,471.03,0
873-51-0671,Alex,1/10/2019,161.553,5.091004102439342,-0.37078010906069314,0,161.553,0
152-08-9985,Cairo,3/12/2019,608.202,6.412149904009708,1.0667207168271038,0,608.202,0
512-91-0811,Giza,2/6/2019,94.2375,4.556373771799128,-0.9524960263549588,0,94.2375,0
594-34-4444,Alex,3/8/2019,102.018,4.634903730242915,-0.8670498326148771,0,102.018,0
766-85-7061,Cairo,3/29/2019,922.635,6.82831697195506,1.5195401582299022,0,922.635,0
871-39-9221,Giza,2/9/2019,78.435,4.3749390771719865,-1.14990990986517,0,78.435,0
865-92-6136,Alex,3/23/2019,166.1625,5.118966393198915,-0.34035514308583875,0,166.1625,0
733-01-9107,Cairo,3/5/2019,521.01,6.257686744787267,0.8986537868277268,0,521.01,0
163-56-7055,Giza,3/26/2019,51.1455,3.9540378881742475,-1.6078804125017632,0,51.1455,0
189-98-2939,Giza,3/1/2019,742.2975,6.611096368346068,1.2831886543182123,0,742.2975,0
551-21-3069,Giza,2/1/2019,218.0115,5.38912423985335,-0.046404144472204,0,218.0115,0
212-62-1842,Alex,3/28/2019,367.038,5.90818619370746,0.518372268899666,0,367.038,0
716-39-1409,Cairo,3/19/2019,223.0725,5.411969660202495,-0.021546698321586403,0,223.0725,0
704-48-3927,Alex,1/12/2019,931.035,6.837370367628539,1.5293908982029214,0,931.035,0
628-34-3388,Giza,1/5/2019,172.494,5.156143016656373,-0.2999043261810779,0,172.494,0
630-74-5166,Alex,3/22/2019,391.419,5.972330146498611,0.5881654628101239,0,391.419,0
588-01-7461,Giza,3/24/2019,321.111,5.774896206638843,0.3733432597880588,0,321.111,0
861-77-0145,Giza,3/3/2019,860.685,6.758889774643821,1.4439984176019167,0,860.685,0
479-26-8945,Cairo,2/5/2019,34.629,3.573159912987563,-2.0223028049754297,0,34.629,0
210-67-5886,Giza,2/5/2019,309.3615,5.737737747111118,0.3329122065338825,0,309.3615,0
227-78-1148,Cairo,2/15/2019,535.374,6.284831678942671,0.9281894105421425,0,535.374,0
645-44-1170,Alex,1/19/2019,548.7615,6.309484547815443,0.9550134895521886,0,548.7615,0
237-01-6122,Giza,2/1/2019,763.4655,6.639176896816503,1.3137422713524831,0,763.4655,0
225-98-1496,Giza,3/2/2019,85.113,4.455660387260419,-1.0620793692988366,0,85.113,0
291-32-1427,Cairo,3/5/2019,115.185,4.755183748305576,-0.7361765973539721,0,115.185,0
659-65-8956,Cairo,1/16/2019,53.928,4.006023236715336,-1.5513166468878135,0,53.928,0
642-32-2990,Alex,2/2/2019,115.08,4.754279608575932,-0.7371603658423074,0,115.08,0
378-24-2715,Cairo,1/20/2019,112.224,4.729368157431538,-0.7642658008000272,0,112.224,0
638-60-7125,Alex,2/14/2019,836.304,6.730187206459217,1.4127679770090418,0,836.304,0
659-36-1684,Giza,1/12/2019,419.832,6.042233704159554,0.6642255174616689,0,419.832,0
219-22-9386,Cairo,3/9/2019,944.622,6.851842912032631,1.5451380583640872,0,944.622,0
336-78-2147,Giza,3/13/2019,536.844,6.287568555289157,0.9311673271382902,0,536.844,0
268-27-6179,Cairo,3/9/2019,474.348,6.164047167370081,0.7967672503735448,0,474.348,0
668-90-8900,Alex,3/10/2019,688.6215,6.536142896357675,1.2016339328344805,0,688.6215,0
870-54-3162,Alex,1/27/2019,169.3125,5.137634984857563,-0.32004238434598553,0,169.3125,0
189-08-9157,Giza,1/8/2019,299.8485,5.706606815780573,0.29903953370313013,0,299.8485,0
663-86-9076,Giza,1/8/2019,575.736,6.357384622810395,1.007132186280048,0,575.736,0
549-84-7482,Cairo,2/8/2019,853.146,6.750102139363896,1.4344368438850126,0,853.146,0
191-10-6171,Cairo,1/25/2019,291.207,5.677462455224042,0.2673283915111126,0,291.207,0
802-70-5316,Alex,3/6/2019,580.419,6.365471667329366,1.0159314672989896,0,580.419,0
695-51-0018,Cairo,2/10/2019,146.328,4.992661393659363,-0.4777839877569189,0,146.328,0
590-83-4591,Cairo,2/17/2019,550.935,6.313430285720405,0.9593067337122029,0,550.935,0
483-71-1164,Giza,3/8/2019,512.19,6.240646146970965,0.8801124014594812,0,512.19,0
597-78-7908,Giza,2/18/2019,284.193,5.653166144059404,0.24089227270902486,0,284.193,0
700-81-1757,Alex,1/18/2019,138.1275,4.935390778886192,-0.5400984998551889,0,138.1275,0
354-39-5160,Alex,2/18/2019,216.846,5.383788391137135,-0.05220992830564195,0,216.846,0
241-72-9525,Cairo,2/16/2019,545.055,6.30271970327245,0.9476528563760497,0,545.055,0
575-30-8091,Alex,3/16/2019,609.0,6.413458957167357,1.0681450599942355,0,609.0,0
731-81-9469,Giza,1/23/2019,942.9,6.850020228330899,1.5431548485446576,0,942.9,0
280-17-4359,Giza,1/25/2019,950.25,6.857776909175896,1.5515946703323646,0,950.25,0
338-65-2210,Giza,2/5/2019,720.3,6.581055139509627,1.2505016554936028,0,720.3,0
488-25-4221,Giza,2/22/2019,31.9305,3.4943992799960504,-2.107999989069849,0,31.9305,0
239-10-7476,Alex,1/21/2019,491.085,6.19865146579793,0.8344191942469407,0,491.085,0
458-41-1477,Giza,3/8/2019,291.438,5.678252678392018,0.26818821065843973,0,291.438,0
685-64-1609,Alex,2/10/2019,316.47,5.76038332567948,0.3575522105788815,0,316.47,0
568-90-5112,Giza,3/19/2019,277.788,5.630451636353166,0.21617726884757293,0,277.788,0
262-47-2794,Cairo,3/6/2019,603.624,6.404606777224062,1.058513257081742,0,603.624,0
238-49-0436,Alex,3/27/2019,272.664,5.611901076522471,0.1959929371518523,0,272.664,0
608-96-3517,Cairo,3/23/2019,384.468,5.954458180478822,0.568719489562396,0,384.468,0
584-86-7256,Giza,3/11/2019,254.016,5.541326288288074,0.11920253577964007,0,254.016,0
746-94-0204,Alex,1/29/2019,786.618,6.669013200744548,1.3462062972662192,0,786.618,0
214-17-6927,Giza,2/7/2019,103.824,4.652282753302284,-0.8481402164534574,0,103.824,0
400-89-4171,Giza,1/28/2019,680.148,6.523779609996939,1.1881817958083323,0,680.148,0
782-95-9291,Alex,2/20/2019,484.5225,6.1852256306328135,0.8198109283650463,0,484.5225,0
279-74-2924,Cairo,1/4/2019,75.7785,4.340924653044227,-1.18692002844378,0,75.7785,0
307-85-2293,Cairo,3/7/2019,263.97,5.579616612030595,0.1608651379980774,0,263.97,0
743-04-1105,Cairo,3/30/2019,918.729,6.8240790614328395,1.5149290094312693,0,918.729,0
423-57-2993,Cairo,3/27/2019,588.357,6.379032112094194,1.0306861980226352,0,588.357,0
894-41-5205,Giza,1/19/2019,362.712,5.896362345674656,0.5055070792346615,0,362.712,0
275-28-0149,Alex,2/25/2019,66.8745,4.217660411744462,-1.3210403113529237,0,66.8745,0
101-17-6199,Alex,3/13/2019,336.5565,5.821732903708936,0.4243049255179782,0,336.5565,0
423-80-0988,Giza,1/30/2019,160.44,5.084133556605299,-0.3782557527776828,0,160.44,0
548-46-9322,Cairo,2/20/2019,418.95,6.040135656571636,0.6619426921014407,0,418.95,0
505-02-0892,Cairo,2/25/2019,357.588,5.882174097142072,0.49006925325114986,0,357.588,0
234-65-2137,Giza,1/16/2019,1003.59,6.9123347770557695,1.6109575203999154,1,950.26575,1
687-47-8271,Alex,2/8/2019,1039.29,6.947254799418902,1.6489529944250805,1,950.26575,1
796-32-9050,Alex,1/19/2019,323.064,5.780941027149875,0.3799204554818445,0,323.064,0
105-31-1824,Alex,2/1/2019,510.972,6.238269936044092,0.8775269145542481,0,510.972,0
249-42-3782,Alex,1/3/2019,367.5525,5.909583170952407,0.5198922797425056,0,367.5525,0
316-55-4634,Cairo,1/26/2019,420.2625,6.043256154816824,0.6653380166744791,0,420.2625,0
733-33-4967,Giza,3/3/2019,175.14,5.171279133377313,-0.28343515202844294,0,175.14,0
608-27-6295,Cairo,1/19/2019,333.207,5.81176056148353,0.41345430617829826,0,333.207,0
414-12-7047,Cairo,1/18/2019,166.236,5.119405988479298,-0.33987683207894137,0,166.236,0
827-26-2100,Alex,3/21/2019,319.788,5.770780468808929,0.3688650435892057,0,319.788,0
175-54-2529,Alex,3/3/2019,186.228,5.232327125508191,-0.2170105840491796,0,186.228,0
139-52-2867,Giza,2/13/2019,165.4485,5.114685952265198,-0.34501256800447216,0,165.4485,0
407-63-8975,Alex,3/23/2019,465.444,6.1451379702092215,0.7761926956928261,0,465.444,0
342-65-4817,Giza,1/28/2019,273.42,5.614659779493029,0.19899460267116353,0,273.42,0
130-98-8941,Giza,2/9/2019,472.311,6.159752677715447,0.7920945394449213,0,472.311,0
434-83-9547,Giza,1/23/2019,323.148,5.781200201618938,0.38020245578255635,0,323.148,0
851-28-6367,Alex,3/23/2019,162.75,5.098340874515361,-0.362797177951885,0,162.75,0
824-88-3614,Giza,1/25/2019,288.204,5.667132321447603,0.2560884694544319,0,288.204,0
586-25-0848,Alex,3/4/2019,90.699,4.518511474077549,-0.9936929057456255,0,90.699,0
895-66-0685,Cairo,3/5/2019,56.952,4.059615081701003,-1.493004898603728,0,56.952,0
305-14-0245,Cairo,3/3/2019,793.716,6.677984818127126,1.3559680566281886,0,793.716,0
732-04-5373,Cairo,2/8/2019,195.174,5.279002020511058,-0.16622497050441018,0,195.174,0
400-60-7251,Alex,2/10/2019,77.7735,4.366576645887942,-1.1590088313187716,0,77.7735,0
593-65-1552,Giza,1/28/2019,293.202,5.684266606240763,0.2747317929331029,0,293.202,0
284-34-9626,Cairo,2/11/2019,242.676,5.495839474041672,0.0697096388045401,0,242.676,0
437-58-8131,Cairo,1/15/2019,154.392,5.045950956556924,-0.4198011439365099,0,154.392,0
286-43-6208,Giza,3/16/2019,829.71,6.7222807568127765,1.404165196087293,0,829.71,0
641-43-2399,Cairo,1/26/2019,107.31,4.684997485847646,-0.8125442549806532,0,107.31,0
831-07-6050,Alex,3/19/2019,171.7275,5.151715208144769,-0.3047220975313241,0,171.7275,0
556-86-3144,Giza,1/13/2019,78.0045,4.369504812870064,-1.1558227768725973,0,78.0045,0
848-24-9445,Giza,3/26/2019,91.77,4.5301233116651805,-0.9810583985606847,0,91.77,0
856-22-8149,Alex,3/23/2019,26.5545,3.316165861643439,-2.3019306557518626,0,26.5545,0
699-01-4164,Giza,3/12/2019,174.3,5.1664987919271885,-0.2886365043503528,0,174.3,0
420-11-4919,Giza,2/17/2019,374.7975,5.929050434482517,0.5410740504214454,0,374.7975,0
606-80-4905,Giza,1/29/2019,120.645,4.801106966864085,-0.6862088613729669,0,120.645,0
542-41-0513,Cairo,3/15/2019,241.458,5.490828499501111,0.06425734123677994,0,241.458,0
426-39-2418,Giza,1/14/2019,451.3635,6.114486060173654,0.7428412321838078,0,451.3635,0
875-46-5808,Cairo,2/6/2019,271.95,5.609288628227767,0.19315040714739565,0,271.95,0
394-43-4238,Cairo,2/15/2019,93.2925,4.546401653072433,-0.9633464025121072,0,93.2925,0
749-24-1565,Alex,1/3/2019,217.6335,5.387396811942618,-0.048283709199570125,0,217.6335,0
672-51-8681,Giza,1/4/2019,629.8425,6.447056227581513,1.104701285590621,0,629.8425,0
263-87-5680,Giza,3/18/2019,299.565,5.705664036740864,0.29801372289057654,0,299.565,0
573-58-9734,Cairo,3/28/2019,95.6655,4.571256565274062,-0.9363024859551746,0,95.6655,0
817-69-8206,Cairo,3/2/2019,942.4485,6.849541779323084,1.542634261912159,0,942.4485,0
888-02-0338,Alex,1/25/2019,247.8735,5.516944735244148,0.09267366773539318,0,247.8735,0
677-11-0152,Giza,1/16/2019,881.307,6.782540068005948,1.4697316229757191,0,881.307,0
142-63-6033,Cairo,3/20/2019,484.89,6.1859822608337485,0.820634195969154,0,484.89,0
656-16-1063,Cairo,1/4/2019,146.223,4.991948444089016,-0.47855972772064714,0,146.223,0
891-58-8335,Cairo,3/11/2019,217.6335,5.387396811942618,-0.048283709199570125,0,217.6335,0
802-43-8934,Alex,3/22/2019,19.194,3.0053855305821293,-2.640081813662893,0,19.194,0
560-30-5617,Cairo,3/24/2019,130.0425,4.875521698066852,-0.6052403282746165,0,130.0425,0
319-74-2561,Alex,2/21/2019,298.116,5.700831458019937,0.2927555326936703,0,298.116,0
549-03-9315,Cairo,2/12/2019,796.908,6.681993302583059,1.3603295735093026,0,796.908,0
790-29-1172,Cairo,3/10/2019,180.621,5.201922098248066,-0.2500934214965062,0,180.621,0
239-36-3640,Cairo,1/31/2019,285.705,5.65845381256983,0.24664563304345805,0,285.705,0
468-01-2051,Cairo,3/6/2019,456.288,6.125313389340046,0.7546221382733151,0,456.288,0
389-25-3394,Giza,2/17/2019,62.0025,4.143174408143884,-1.4020863939016022,0,62.0025,0
279-62-1445,Giza,2/21/2019,13.167,2.6509153163972137,-3.0257706793715586,1,19.188435,1
213-72-6612,Alex,3/20/2019,90.825,4.519884591705731,-0.9921988558669472,0,90.825,0
746-68-6593,Giza,1/11/2019,183.036,5.215131390645508,-0.23572076958469904,0,183.036,0
836-82-5858,Cairo,1/26/2019,655.5465,6.486993521394453,1.1481559086697586,0,655.5465,0
583-72-1480,Giza,1/31/2019,155.652,5.054026784632371,-0.4110140672078217,0,155.652,0
466-61-5506,Cairo,2/26/2019,571.41,6.349855517830181,0.9989399832587097,0,571.41,0
721-86-6247,Alex,3/11/2019,532.728,6.279886345894763,0.9228085355984327,0,532.728,0
289-65-5721,Cairo,1/26/2019,170.877,5.14677910471677,-0.31009292999052923,0,170.877,0
545-46-3100,Cairo,3/12/2019,33.3585,3.536849440749858,-2.061811187599084,0,33.3585,0
418-02-5978,Cairo,2/11/2019,794.6505,6.679160019073013,1.3572467590456567,0,794.6505,0
269-04-5750,Cairo,2/21/2019,310.044,5.739934381271689,0.3353023011140875,0,310.044,0
157-13-5295,Alex,3/9/2019,545.37,6.303296401917629,0.9482803456189088,0,545.37,0
645-78-8093,Alex,1/20/2019,195.594,5.281140688427419,-0.16389794733072702,0,195.594,0
211-30-9270,Giza,1/28/2019,91.4025,4.52615403455868,-0.9853772550502479,0,91.4025,0
755-12-3214,Giza,3/5/2019,232.155,5.451703468445783,0.0216865179498509,0,232.155,0
346-84-3103,Cairo,3/2/2019,69.405,4.254264283369275,-1.2812126892775892,0,69.405,0
478-06-7835,Alex,1/11/2019,94.1745,4.555712048774331,-0.9532160281848284,0,94.1745,0
540-11-4336,Alex,1/11/2019,235.683,5.466721693070396,0.03802741709632606,0,235.683,0
448-81-5016,Alex,3/11/2019,125.517,4.840376686490182,-0.643480606605175,0,125.517,0
142-72-4741,Giza,2/28/2019,195.72,5.281781397907937,-0.1632008097352362,0,195.72,0
217-58-1179,Alex,1/5/2019,263.13,5.57644140618771,0.15741028765825488,0,263.13,0
376-02-8238,Cairo,2/2/2019,788.508,6.671409966639925,1.348814149442693,0,788.508,0
530-90-9855,Alex,1/1/2019,399.756,5.99335276330522,0.611039568745973,0,399.756,0
866-05-7563,Cairo,2/9/2019,256.41,5.550670144446233,0.12936931746896205,0,256.41,0
604-70-6476,Alex,1/23/2019,94.185,4.555822366357752,-0.9530959947887495,0,94.185,0
799-71-1548,Alex,1/7/2019,326.424,5.791255967076268,0.39114384554639997,0,326.424,0
785-13-7708,Cairo,1/14/2019,536.991,6.287841831397324,0.9314646710277518,0,536.991,0
845-51-0542,Cairo,2/2/2019,439.8975,6.088812422127812,0.7149064835356459,0,439.8975,0
662-47-5456,Giza,3/17/2019,369.495,5.914839949368426,0.5256120294518519,0,369.495,0
883-17-4236,Giza,3/2/2019,30.219,3.441026883824771,-2.1660729613978305,0,30.219,0
290-68-2984,Alex,3/16/2019,99.75,4.612642200826793,-0.8912719638006729,0,99.75,0
704-11-6354,Alex,1/6/2019,494.76,6.206091938653852,0.8425149591978421,0,494.76,0
110-48-7033,Cairo,1/29/2019,137.004,4.927282670244379,-0.5489207001415917,0,137.004,0
366-93-0948,Alex,1/31/2019,69.6675,4.257985778387202,-1.2771634373665213,0,69.6675,0
729-09-9681,Alex,2/5/2019,163.233,5.101286151247112,-0.3595925068782401,0,163.233,0
151-16-1484,Alex,2/13/2019,135.45,4.9159582471543475,-0.5612424798613421,0,135.45,0
380-94-4661,Giza,2/7/2019,276.948,5.627434045834825,0.21289391521835965,0,276.948,0
850-41-9669,Alex,3/19/2019,709.317,6.565711349266566,1.2338065177423936,0,709.317,0
821-07-3596,Giza,3/7/2019,69.09,4.249780130512233,-1.2860917672928562,0,69.09,0
655-85-5130,Cairo,3/13/2019,160.86,5.086731764067556,-0.37542871781425724,0,160.86,0
447-15-7839,Alex,2/9/2019,233.52,5.457540872096015,0.02803802931087914,0,233.52,0
154-74-7179,Cairo,2/26/2019,57.1725,4.063412734478965,-1.4888727816199203,0,57.1725,0
253-12-6086,Alex,3/12/2019,723.24,6.585122829167185,1.25492759185524,0,723.24,0
808-65-0703,Giza,3/14/2019,148.974,5.010461945738964,-0.45841571796771785,0,148.974,0
571-94-0759,Cairo,1/8/2019,783.3,6.664791600218621,1.3416128949064074,0,783.3,0
144-51-6085,Alex,1/5/2019,297.108,5.697455836955933,0.28908261630425885,0,297.108,0
731-14-2199,Alex,1/4/2019,373.17,5.924710239594586,0.5363516089403474,0,373.17,0
783-09-1637,Cairo,3/6/2019,354.0075,5.872138916012812,0.47915026070384853,0,354.0075,0
687-15-1097,Giza,1/3/2019,44.352,3.8144542770220027,-1.7597573333330983,0,44.352,0
126-54-1082,Alex,1/7/2019,203.553,5.320827110608606,-0.12071629047334025,0,203.553,0
633-91-1052,Alex,1/27/2019,25.263,3.268161104542958,-2.3541632540740616,0,25.263,0
477-24-6490,Cairo,2/26/2019,628.173,6.444406258629572,1.1018179304359788,0,628.173,0
566-19-5475,Cairo,1/7/2019,352.5795,5.8681083539697445,0.47476472183386575,0,352.5795,0
526-86-8552,Giza,1/7/2019,229.11,5.438557455462482,0.007382718552264337,0,229.11,0
376-56-3573,Giza,2/2/2019,400.764,5.995864851552464,0.6137728998634202,0,400.764,0
537-72-0426,Giza,3/20/2019,745.395,6.615254950689689,1.287713488402665,0,745.395,0
828-61-5674,Alex,3/20/2019,462.21,6.138180514972207,0.768622488349021,0,462.21,0
136-08-6195,Alex,2/15/2019,587.664,6.37785556247421,1.0294060281515922,0,587.664,0
523-38-0215,Giza,3/6/2019,38.85,3.685122405236224,-1.9004796308150915,0,38.85,0
490-29-1201,Alex,1/6/2019,16.107,2.8394877364701547,-2.820590441677653,1,19.188435,1
667-92-0055,Alex,3/4/2019,628.929,6.445607114621937,1.1031245473731441,0,628.929,0
565-17-3836,Alex,3/12/2019,200.214,5.304369018309804,-0.13862386830762974,0,200.214,0
498-41-1961,Cairo,2/20/2019,350.07,5.860985633781738,0.4670146944404795,0,350.07,0
593-95-4461,Giza,3/24/2019,78.603,4.377051780582357,-1.1476111379251968,0,78.603,0
226-71-3580,Giza,1/31/2019,224.4375,5.418042958663758,-0.014938516587556143,0,224.4375,0
283-79-9594,Cairo,1/25/2019,356.5485,5.879271017268153,0.486910495367337,0,356.5485,0
430-60-3493,Alex,2/3/2019,697.368,6.548746184460779,1.2153472088677375,0,697.368,0
139-20-0155,Cairo,1/24/2019,423.15,6.050087166253744,0.6727706441487135,0,423.15,0
558-80-4082,Giza,3/14/2019,204.6975,5.326406642963276,-0.11464536146734274,0,204.6975,0
278-97-7759,Alex,2/18/2019,65.604,4.1987646358028705,-1.341600262790185,0,65.604,0
316-68-6352,Alex,1/21/2019,76.356,4.348418143500052,-1.1787665765641862,0,76.356,0
585-03-5943,Cairo,3/13/2019,190.155,5.253084617268279,-0.19442495306657562,0,190.155,0
211-05-0490,Giza,3/3/2019,272.58,5.6115940836612985,0.1956589070312161,0,272.58,0
727-75-6477,Giza,3/29/2019,121.128,4.805069675056115,-0.6818971523306914,0,121.128,0
744-02-5987,Alex,1/10/2019,493.794,6.204141514333251,0.8403927584775553,0,493.794,0
307-83-9164,Alex,1/25/2019,252.042,5.533555482854871,0.11074734543292404,0,252.042,0
779-06-0012,Giza,1/19/2019,93.0405,4.543725540544165,-0.9662582037417526,0,93.0405,0
446-47-6729,Giza,1/2/2019,209.622,5.350065057681747,-0.0889033194788097,0,209.622,0
573-10-3877,Cairo,3/12/2019,40.9605,3.736728699567682,-1.8443283032066615,0,40.9605,0
735-06-4124,Giza,2/25/2019,51.0405,3.952022261591999,-1.6100735579314496,0,51.0405,0
439-54-7422,Alex,3/18/2019,214.998,5.3752691483820385,-0.061479471819941026,0,214.998,0
396-90-2219,Cairo,2/23/2019,125.664,4.841537911199133,-0.6422171113299572,0,125.664,0
411-77-0180,Alex,3/26/2019,530.67,6.2760229961236575,0.9186049356020839,0,530.67,0
286-01-5402,Alex,3/30/2019,295.6905,5.692689507909877,0.283896510477019,0,295.6905,0
803-17-8013,Alex,2/17/2019,745.836,6.615845616183269,1.288356174572379,0,745.836,0
512-98-1403,Alex,3/21/2019,83.412,4.435709571590067,-1.0837872791821948,0,83.412,0
848-42-2560,Alex,3/5/2019,172.011,5.153355176291443,-0.3029376952628756,0,172.011,0
532-59-7201,Cairo,1/31/2019,503.559,6.223684780428586,0.8616572253662189,0,503.559,0
181-94-6432,Giza,2/5/2019,145.593,4.987660039335725,-0.4832258178427743,0,145.593,0
870-76-1733,Alex,2/1/2019,74.7075,4.326877230832996,-1.2022046253491607,0,74.7075,0
423-64-4619,Alex,3/7/2019,146.9475,4.996857481102912,-0.47321834544974206,0,146.9475,0
227-07-4446,Giza,2/10/2019,820.365,6.710967590436874,1.391855664475085,0,820.365,0
174-36-3675,Giza,2/14/2019,208.677,5.345568251396582,-0.09379616532602737,0,208.677,0
428-83-5800,Giza,2/9/2019,66.402,4.2106746910685136,-1.3286412735095312,0,66.402,0
603-07-0961,Giza,1/10/2019,392.6475,5.975455838791054,0.5915664388768963,0,392.6475,0
704-20-4138,Giza,3/11/2019,218.0745,5.389411854615904,-0.046091199104465394,0,218.0745,0
787-15-1757,Giza,2/18/2019,185.094,5.226251922397672,-0.2236208381773973,0,185.094,0
649-11-3678,Giza,2/26/2019,216.6885,5.383065141856696,-0.052996875088289014,0,216.6885,0
622-20-1945,Giza,1/18/2019,41.391,3.7469360755557455,-1.8332219503759992,0,41.391,0
372-94-8041,Alex,2/15/2019,96.138,4.576132647864798,-0.9309969604462205,0,96.138,0
563-91-7120,Alex,3/8/2019,324.2925,5.784724777572574,0.38403744571193,0,324.2925,0
746-54-5508,Alex,1/17/2019,135.576,4.916881236239234,-0.5602382019306005,0,135.576,0
276-54-0879,Cairo,3/12/2019,410.508,6.019828460997408,0.6398470154738344,0,410.508,0
815-11-1168,Alex,3/9/2019,523.845,6.263102980905039,0.9045470378854419,0,523.845,0
719-76-3868,Giza,3/12/2019,395.892,5.983664203375248,0.6004977247765619,0,395.892,0
730-61-8757,Cairo,1/25/2019,214.746,5.374101789814845,-0.06274964117025278,0,214.746,0
340-66-0321,Alex,3/25/2019,152.712,5.0350807216673825,-0.4316287345118547,0,152.712,0
868-81-1752,Cairo,2/7/2019,208.089,5.342759998642405,-0.09685174454266811,0,208.089,0
634-97-8956,Alex,2/17/2019,103.635,4.650478103692633,-0.8501038038949255,0,103.635,0
566-71-1091,Alex,2/3/2019,404.355,6.00476322637676,0.6234549661000002,0,404.355,0
442-48-3607,Alex,3/14/2019,49.308,3.918164110184909,-1.6469136406481895,0,49.308,0
835-16-0096,Giza,3/24/2019,77.175,4.3589499033439045,-1.1673072709708185,0,77.175,0
527-09-6272,Alex,3/21/2019,149.3625,5.013049045320191,-0.455600769170812,0,149.3625,0
898-04-2717,Alex,3/19/2019,721.98,6.583381559258861,1.2530329660476007,0,721.98,0
692-27-8933,Cairo,2/24/2019,365.085,5.902865546874889,0.5125830257994823,0,365.085,0
633-09-3463,Giza,3/28/2019,150.0975,5.017925323807603,-0.45029503051230674,0,150.0975,0
374-17-3652,Cairo,2/5/2019,404.649,6.005488253658694,0.6242438474750405,0,404.649,0
378-07-7001,Cairo,2/10/2019,151.4835,5.027056393472467,-0.4403597756987357,0,151.4835,0
433-75-6987,Cairo,3/5/2019,411.3795,6.021944041886902,0.6421489183162504,0,411.3795,0
873-95-4984,Cairo,2/15/2019,565.215,6.3389738647323925,0.9870999688587073,0,565.215,0
416-13-5917,Giza,1/30/2019,509.4075,6.235209426279986,0.8741968617256272,0,509.4075,0
150-89-8043,Alex,2/14/2019,140.6475,4.9533415769855855,-0.5205667516843576,0,140.6475,0
135-84-8019,Alex,2/27/2019,736.4385,6.603182694906341,1.274578013394332,0,736.4385,0
441-94-7118,Alex,2/4/2019,75.5475,4.337911463177189,-1.1901985938506223,0,75.5475,0
725-96-3778,Giza,1/20/2019,749.7,6.6210061045789566,1.2939711538744119,0,749.7,0
531-80-1784,Alex,3/28/2019,191.247,5.258781003582595,-0.18822687862114199,0,191.247,0
400-45-1220,Cairo,2/27/2019,141.75,4.96109484853612,-0.5121306394520987,0,141.75,0
860-79-0874,Giza,2/15/2019,1042.65,6.950479463191916,1.6524616585190874,1,950.26575,1
834-61-8124,Alex,1/26/2019,379.9215,5.942593317152808,0.5558096723341096,0,379.9215,0
115-99-4379,Cairo,3/14/2019,402.2655,5.999595153960347,0.6178317348427002,0,402.2655,0
565-67-6697,Cairo,3/2/2019,255.15,5.5457632103852115,0.12403022336071827,0,255.15,0
320-49-6392,Giza,3/4/2019,31.752,3.4889640289189336,-2.1139139297590415,0,31.752,0
889-04-9723,Cairo,1/7/2019,374.388,5.927960157738451,0.5398877515904024,0,374.388,0
632-90-0281,Giza,3/8/2019,394.275,5.9795817251962085,0.5960556974491745,0,394.275,0
554-42-2417,Giza,1/9/2019,1002.12,6.910870421882282,1.6093641975669781,1,950.26575,1
453-63-6187,Cairo,3/1/2019,86.625,4.473066345354754,-1.0431404458989866,0,86.625,0
578-80-7669,Cairo,3/16/2019,78.7185,4.3785016793120795,-1.146033544733777,0,78.7185,0
612-36-5536,Alex,2/17/2019,680.064,6.523656281175718,1.1880476052578643,0,680.064,0
605-72-4132,Giza,2/27/2019,793.548,6.677773399507406,1.3557380180964118,0,793.548,0
471-41-2823,Giza,3/7/2019,209.559,5.349765898885553,-0.08922882557820414,0,209.559,0
462-67-9126,Alex,1/21/2019,461.286,6.1361837471698495,0.7664498626164307,0,461.286,0
272-27-9238,Giza,2/19/2019,173.208,5.160249987588946,-0.295435648991586,0,173.208,0
834-25-9262,Giza,1/6/2019,343.056,5.840804434822105,0.4450561111127385,0,343.056,0
122-61-9553,Giza,3/14/2019,484.974,6.1861551245270405,0.8208222839921246,0,484.974,0
468-88-0009,Alex,3/24/2019,276.948,5.627434045834825,0.21289391521835965,0,276.948,0
613-59-9758,Giza,1/27/2019,150.78,5.022432103975767,-0.44539133236927825,0,150.78,0
254-31-0042,Alex,3/6/2019,203.175,5.31897746924434,-0.12272883215160846,0,203.175,0
201-86-2184,Cairo,2/2/2019,193.011,5.267914858486813,-0.17828859326857371,0,193.011,0
261-12-8671,Cairo,1/25/2019,128.016,4.859936427678215,-0.6221982136410317,0,128.016,0
730-70-9830,Giza,3/14/2019,441.693,6.092876527550739,0.7193285199944593,0,441.693,0
382-25-8917,Giza,1/29/2019,265.104,5.583887209813543,0.16551185286688744,0,265.104,0
422-29-8786,Alex,1/3/2019,352.2225,5.867098169985095,0.4736655696354434,0,352.2225,0
667-23-5919,Alex,1/14/2019,507.675,6.231809305741967,0.8704972881617477,0,507.675,0
843-01-4703,Cairo,1/5/2019,334.341,5.815147924553286,0.41713999870713775,0,334.341,0
743-88-1662,Giza,2/22/2019,701.8515,6.555145631943528,1.222310263990604,0,701.8515,0
595-86-2894,Giza,2/6/2019,407.316,6.012041384430142,0.6313741209731739,0,407.316,0
182-69-8360,Cairo,1/30/2019,99.33,4.608464752937522,-0.8958173249438505,0,99.33,0
289-15-7034,Alex,1/11/2019,345.786,5.848707875002721,0.4536556175211048,0,345.786,0
462-78-5240,Giza,3/19/2019,55.881,4.040961366212455,-1.5133014710098855,0,55.881,0
868-52-7573,Cairo,1/14/2019,523.3725,6.262202309629653,0.9035670433226298,0,523.3725,0
153-58-4872,Giza,3/1/2019,314.538,5.754279118468598,0.3509103979215632,0,314.538,0
662-72-2873,Alex,1/6/2019,214.935,5.374977436470947,-0.06179687517740328,0,214.935,0
525-88-7307,Cairo,1/31/2019,79.611,4.389635116627321,-1.1339195711537176,0,79.611,0
689-16-9784,Giza,3/11/2019,294.651,5.6891797046389305,0.2800775942796601,0,294.651,0
725-56-0833,Alex,2/20/2019,339.36,5.830003880981357,0.433304338486533,0,339.36,0
394-41-0748,Giza,1/27/2019,510.9615,6.238249426899698,0.8775045991429069,0,510.9615,0
596-42-3999,Cairo,3/10/2019,133.917,4.9046597745474845,-0.5735360236052127,0,133.917,0
541-89-9860,Giza,2/15/2019,253.512,5.539347986156005,0.11705000201287152,0,253.512,0
173-82-9529,Cairo,1/26/2019,398.475,5.990151185025452,0.6075560233145451,0,398.475,0
563-36-9814,Alex,2/13/2019,80.661,4.4025765317140735,-1.1198383888547991,0,80.661,0
308-47-4913,Alex,3/9/2019,548.73,6.30942724860029,0.9549511439208378,0,548.73,0
885-17-6250,Alex,3/6/2019,83.727,4.43943432299792,-1.0797344840867167,0,83.727,0
726-27-2396,Alex,1/24/2019,406.875,6.0109607549134845,0.6301983190133695,0,406.875,0
316-01-3952,Alex,3/13/2019,284.9175,5.655703307668359,0.2436528876078121,0,284.9175,0
760-54-1821,Cairo,3/15/2019,128.4255,4.863105426021762,-0.6187501175030647,0,128.4255,0
793-10-3222,Cairo,3/5/2019,258.678,5.559442401949807,0.13891415906880655,0,258.678,0
346-12-3257,Cairo,3/4/2019,181.818,5.208491122443703,-0.2429458548197019,0,181.818,0
110-05-6330,Giza,3/25/2019,248.409,5.5190941192026886,0.09501235072699005,0,248.409,0
651-61-0874,Giza,3/12/2019,194.124,5.27363525390254,-0.17206439520902717,0,194.124,0
236-86-3015,Giza,2/4/2019,14.679,2.7523222373783134,-2.9154327193312675,1,19.188435,1
831-64-0259,Cairo,2/22/2019,208.6875,5.345618327166001,-0.09374167931864552,0,208.6875,0
587-03-7455,Giza,2/16/2019,718.7565,6.5789129603650185,1.248170811853246,0,718.7565,0
882-40-4577,Alex,1/19/2019,282.492,5.647183904074766,0.23438316908976173,0,282.492,0
732-67-5346,Alex,1/11/2019,72.3975,4.295889875094913,-1.2359210776988,0,72.3975,0
725-32-9708,Cairo,1/4/2019,288.582,5.6684385038837455,0.25750968907189026,0,288.582,0
256-08-8343,Alex,3/4/2019,237.426,5.474058989647226,0.04601091889941172,0,237.426,0
372-26-1506,Giza,1/28/2019,125.055,4.836718319646112,-0.6474611705622347,0,125.055,0
244-08-0162,Cairo,1/2/2019,359.205,5.886673313822637,0.49496472178041645,0,359.205,0
569-71-4390,Cairo,1/25/2019,45.927,3.848593202768364,-1.722611748116853,0,45.927,0
132-23-6451,Alex,1/4/2019,110.0925,4.710363187616226,-0.7849445629570964,0,110.0925,0
696-90-2548,Alex,3/10/2019,81.396,4.411536892047822,-1.1100888779645508,0,81.396,0
472-15-9636,Alex,3/22/2019,427.812,6.061018594439644,0.6846648173933975,0,427.812,0
268-03-6164,Cairo,1/25/2019,100.9155,4.624144038572817,-0.878757144286063,0,100.9155,0
750-57-9686,Giza,1/8/2019,190.596,5.255388988492114,-0.19191763288020564,0,190.596,0
186-09-3669,Giza,1/22/2019,85.5855,4.461132365059728,-1.0561254673173923,0,85.5855,0
848-07-1692,Cairo,1/12/2019,120.162,4.797128493120848,-0.6905377244589925,0,120.162,0
745-71-3520,Alex,2/4/2019,185.367,5.227717847951694,-0.22202580665847457,0,185.367,0
266-76-6436,Giza,3/28/2019,121.59,4.808845454106903,-0.6777888355215802,0,121.59,0
740-22-2500,Giza,1/23/2019,264.7575,5.582584238836994,0.1640941275464342,0,264.7575,0
271-88-8734,Giza,2/8/2019,1020.705,6.929228079389847,1.6293386377817693,1,950.26575,1
301-81-8610,Cairo,3/19/2019,213.528,5.368440265979508,-0.06890978275296561,0,213.528,0
489-64-4354,Giza,3/9/2019,17.094,2.89558039160355,-2.759557633652489,1,19.188435,1
198-84-7132,Cairo,1/2/2019,383.7645,5.952631458818475,0.5667318861560994,0,383.7645,0
269-10-8440,Alex,1/21/2019,390.7995,5.97075022934832,0.5864464003071977,0,390.7995,0
650-98-6268,Cairo,3/20/2019,65.7405,4.20081196505423,-1.3393726225961993,0,65.7405,0
741-73-3559,Cairo,2/27/2019,353.1675,5.869769965068871,0.47657267317766083,0,353.1675,0
325-77-6186,Alex,3/8/2019,951.825,6.8594312561519475,1.553394717792344,0,951.825,0
286-75-7818,Cairo,1/31/2019,145.068,4.984072266703534,-0.48712957026415077,0,145.068,0
574-57-9721,Giza,3/8/2019,90.867,4.520341878911836,-0.9917012947834827,0,90.867,0
459-50-7686,Alex,1/13/2019,147.798,5.002589681448447,-0.46698130278490707,0,147.798,0
616-87-0016,Cairo,3/9/2019,702.219,6.5556683653461105,1.2228790352019556,0,702.219,0
837-55-7229,Cairo,2/22/2019,49.812,3.9281325471612143,-1.6360672704979635,0,49.812,0
751-69-0068,Giza,3/19/2019,937.818,6.844621637205928,1.5372807964971458,0,937.818,0
257-73-1380,Giza,1/20/2019,348.306,5.855948328876826,0.46153374755902843,0,348.306,0
345-08-4992,Alex,3/8/2019,214.137,5.371275034498343,-0.06582535249388186,0,214.137,0
549-96-4200,Giza,3/8/2019,71.568,4.284524053312643,-1.2482879021473094,0,71.568,0
810-60-6344,Giza,2/7/2019,343.224,5.841292608249595,0.44558727860716585,0,343.224,0
450-28-2866,Giza,1/15/2019,91.56,4.527857082885421,-0.9835242170484567,0,91.56,0
394-30-3170,Cairo,3/22/2019,742.812,6.611788314730013,1.2839415413176707,0,742.812,0
138-17-5109,Alex,1/15/2019,843.0345,6.7381933705377755,1.421479254342279,0,843.0345,0
192-98-7397,Giza,1/8/2019,13.419,2.66854678132451,-3.0065863884594775,1,19.188435,1
301-11-9629,Alex,1/15/2019,140.385,4.9514866657986,-0.5225850273054664,0,140.385,0
390-80-5128,Cairo,1/28/2019,20.1075,3.049628427561518,-2.591942387361917,0,20.1075,0
235-46-8343,Giza,2/14/2019,290.43,5.674799839731719,0.2644312760188738,0,290.43,0
453-12-7053,Giza,3/10/2019,144.081,4.977292207139775,-0.4945067584676689,0,144.081,0
296-11-7041,Cairo,1/12/2019,28.4235,3.381793674786643,-2.230522915983527,0,28.4235,0
449-27-2918,Cairo,3/26/2019,41.076,3.739477506877028,-1.8413374048722804,0,41.076,0
891-01-7034,Cairo,1/1/2019,470.673,6.1562859488809165,0.7883224913054625,0,470.673,0
744-09-5786,Cairo,1/2/2019,138.663,4.939232377926119,-0.5359185662051243,0,138.663,0
727-17-0390,Alex,3/16/2019,333.9525,5.81398873072699,0.4158787131770444,0,333.9525,0
568-88-3448,Alex,3/3/2019,26.25,3.305053521109253,-2.3140216745299953,0,26.25,0
187-83-5490,Alex,1/31/2019,87.234,4.479992376259862,-1.0356044304687575,0,87.234,0
767-54-1907,Cairo,2/13/2019,155.19,5.051073214869631,-0.41422776169045117,0,155.19,0
710-46-4433,Cairo,2/15/2019,731.43,6.596367773184843,1.2671628926776262,0,731.43,0
533-33-5337,Cairo,2/7/2019,833.595,6.726946577245665,1.4092419413774415,0,833.595,0
325-90-8763,Giza,1/27/2019,488.985,6.19437477839121,0.8297658534332951,0,488.985,0
729-46-7422,Giza,2/23/2019,37.6845,3.655439003011596,-1.9327772887740715,0,37.6845,0
639-76-1242,Giza,2/3/2019,212.73,5.364713536187719,-0.07296473047121879,0,212.73,0
234-03-4040,Cairo,3/3/2019,767.025,6.643822284701198,1.3187967845734168,0,767.025,0
326-71-2155,Giza,2/3/2019,310.59,5.7416882210554325,0.33721060384237816,0,310.59,0
320-32-8842,Giza,3/17/2019,23.751,3.208865892238882,-2.418680672633758,0,23.751,0
470-32-9057,Alex,3/28/2019,269.535,5.600401479934854,0.18348055617737846,0,269.535,0
878-30-2331,Giza,3/2/2019,572.775,6.35223733341023,1.0015315684261927,0,572.775,0
440-59-5691,Giza,2/8/2019,273.0525,5.613319693873432,0.19753649397291026,0,273.0525,0
554-53-3790,Cairo,3/22/2019,233.226,5.45628646122722,0.026673140849854463,0,233.226,0
746-19-0921,Giza,2/9/2019,22.659,3.1637435922301513,-2.467776952129487,0,22.659,0
233-34-0817,Giza,2/15/2019,103.782,4.651882001410047,-0.8485762630846335,0,103.782,0
767-05-1286,Giza,1/23/2019,527.751,6.2705176216116545,0.912614695616142,0,527.751,0
340-21-9136,Alex,1/25/2019,168.21,5.131140547080535,-0.3271087956815533,0,168.21,0
405-31-3305,Alex,2/2/2019,452.865,6.117799796993847,0.7464468141037895,0,452.865,0
731-59-7531,Cairo,3/30/2019,609.588,6.414422427307135,1.069193384198878,0,609.588,0
676-39-6028,Alex,3/30/2019,338.31,5.826914143799146,0.4299424841431861,0,338.31,0
502-05-1910,Alex,2/25/2019,205.317,5.329413820947794,-0.11137333741731137,0,205.317,0
485-30-8700,Alex,3/18/2019,174.615,5.168294098965116,-0.28668308229301837,0,174.615,0
598-47-9715,Giza,3/7/2019,353.094,5.8695624146083025,0.47634684347882994,0,353.094,0
701-69-8742,Cairo,3/16/2019,360.885,5.89132648179692,0.5000277002935187,0,360.885,0
575-67-1508,Alex,1/29/2019,40.53,3.726416057642662,-1.8555491928818812,0,40.53,0
541-08-3113,Giza,2/2/2019,554.148,6.3192347448638655,0.9656223991010181,0,554.148,0
246-11-3901,Giza,2/15/2019,344.4,5.844703165712578,0.44929820828952816,0,344.4,0
674-15-9296,Alex,1/8/2019,194.985,5.278038125689656,-0.16727375679293935,0,194.985,0
305-18-3552,Cairo,2/12/2019,633.99,6.453609250737194,1.1118314419951274,0,633.99,0
493-65-6248,Giza,1/1/2019,388.29,5.964324567155742,0.5794548217110076,0,388.29,0
438-01-4015,Cairo,3/21/2019,207.858,5.341654595213157,-0.09805450228567773,0,207.858,0
709-58-4068,Cairo,2/28/2019,431.445,6.069455150655387,0.6938443920575751,0,431.445,0
795-49-7276,Alex,3/23/2019,156.03,5.056436869896863,-0.4083917226081198,0,156.03,0
556-72-8512,Giza,1/30/2019,24.108,3.223186520455285,-2.403098808115972,0,24.108,0
627-95-3243,Cairo,2/4/2019,734.076,6.599973895227829,1.2710866105662064,0,734.076,0
686-41-0932,Cairo,3/13/2019,72.87,4.302306791540646,-1.228939015098722,0,72.87,0
510-09-5628,Alex,3/15/2019,206.43,5.334793933358054,-0.10551939152888207,0,206.43,0
608-04-3797,Cairo,3/5/2019,212.688,5.36451700726224,-0.07317856795407003,0,212.688,0
148-82-2527,Giza,3/5/2019,127.26,4.854059453720717,-0.6285927803176103,0,127.26,0
437-53-3084,Cairo,2/26/2019,209.769,5.350762747029469,-0.08814418372530619,0,209.769,0
632-32-4574,Cairo,3/20/2019,637.728,6.459478698654706,1.1182178198036181,0,637.728,0
556-97-7101,Giza,1/1/2019,132.762,4.896062101377719,-0.5828909050025273,0,132.762,0
862-59-8517,Giza,1/27/2019,568.512,6.344779853780257,0.9934172988925918,0,568.512,0
401-18-8016,Cairo,1/21/2019,103.0365,4.64474179910724,-0.8563453122653454,0,103.0365,0
420-18-8989,Alex,2/2/2019,432.768,6.072509828959105,0.6971680998415277,0,432.768,0
277-63-2961,Cairo,2/3/2019,77.6685,4.365242821170686,-1.1604601277088937,0,77.6685,0
573-98-8548,Giza,1/5/2019,33.495,3.540814385998072,-2.057497044480185,0,33.495,0
620-02-2046,Giza,1/27/2019,145.74,4.9886623132858485,-0.4821352723258783,0,145.74,0
282-35-2475,Cairo,3/25/2019,195.951,5.282954966834845,-0.16192388307077488,0,195.951,0
511-54-3087,Cairo,2/25/2019,92.8725,4.541937478571228,-0.9682037426518266,0,92.8725,0
726-29-6793,Alex,1/28/2019,203.112,5.318668862795934,-0.12306461797019878,0,203.112,0
387-49-4215,Cairo,1/8/2019,152.775,5.035490495094432,-0.43118287180759385,0,152.775,0
862-17-9201,Cairo,1/29/2019,529.515,6.273848232866365,0.9162386381239767,0,529.515,0
291-21-5991,Cairo,3/29/2019,321.7725,5.77694774069735,0.3755754751120117,0,321.7725,0
602-80-9671,Giza,2/9/2019,100.485,4.61991100430959,-0.8833629873672486,0,100.485,0
347-72-6115,Cairo,1/16/2019,666.939,6.504196852001692,1.166874358916909,0,666.939,0
209-61-0206,Alex,1/5/2019,225.2775,5.421762122155128,-0.010891801543613733,0,225.2775,0
595-27-4851,Alex,1/27/2019,398.958,5.991359541595096,0.6088708014145592,0,398.958,0
189-52-0236,Alex,3/14/2019,731.6925,6.596726105000522,1.2675527832410813,0,731.6925,0
503-07-0930,Giza,2/23/2019,429.1665,6.064172343043758,0.6880963207276,0,429.1665,0
413-20-6708,Giza,3/18/2019,54.0435,4.008123781719601,-1.549031104160541,0,54.0435,0
425-85-2085,Cairo,3/29/2019,288.015,5.6664785898796985,0.2553771628994287,0,288.015,0
521-18-7827,Giza,1/22/2019,206.7975,5.336564047793911,-0.1035933808187579,0,206.7975,0
220-28-1851,Alex,3/1/2019,72.933,4.303159277671718,-1.2280114494083822,0,72.933,0
600-38-9738,Giza,1/17/2019,377.58,5.936427411178073,0.5491007270227807,0,377.58,0
734-91-1155,Cairo,3/26/2019,143.9865,4.976640634637904,-0.49521571580489265,0,143.9865,0
451-28-5717,Giza,3/20/2019,523.971,6.263343022970706,0.9048082207671755,0,523.971,0
609-81-8548,Alex,2/6/2019,235.872,5.467519910848838,0.03889593494983234,0,235.872,0
133-14-7229,Giza,1/1/2019,132.027,4.890552115137313,-0.5888861628777748,0,132.027,0
534-01-4457,Alex,1/27/2019,514.773,6.245666746206659,0.8855751713817587,0,514.773,0
719-89-8991,Alex,2/25/2019,479.9025,6.175664546856089,0.8094077875390394,0,479.9025,0
286-62-6248,Cairo,1/16/2019,164.682,5.11007028847753,-0.3500347392886,0,164.682,0
339-38-9982,Cairo,1/13/2019,125.706,4.841869442164794,-0.6418563820021431,0,125.706,0
827-44-5872,Cairo,2/7/2019,570.78,6.348754302011715,0.9977417819347948,0,570.78,0
827-77-7633,Alex,2/17/2019,926.9505,6.8329783908463035,1.5246121143289242,0,926.9505,0
287-83-1405,Alex,2/12/2019,160.209,5.08270165977953,-0.37981375861411887,0,160.209,0
435-13-4908,Alex,1/24/2019,728.112,6.5918273553245905,1.2622225943273375,0,728.112,0
857-67-9057,Cairo,2/6/2019,240.975,5.488834415035153,0.06208763516550594,0,240.975,0
236-27-1144,Giza,3/26/2019,154.1295,5.044260251967842,-0.4216407510716566,0,154.1295,0
892-05-6689,Alex,3/11/2019,148.68,5.0084996819658345,-0.46055080085647265,0,148.68,0
583-41-4548,Giza,2/7/2019,122.5245,4.816439516960011,-0.6695259537032294,0,122.5245,0
339-12-4827,Cairo,1/5/2019,77.658,4.365109340796871,-1.1606053638723597,0,77.658,0
643-38-7867,Alex,3/7/2019,102.837,4.6428223619375135,-0.8584337967561877,0,102.837,0
308-81-0538,Alex,2/25/2019,306.81,5.729482709506015,0.3239301370598203,0,306.81,0
358-88-9262,Giza,2/1/2019,551.124,6.313772658730989,0.959679259957899,0,551.124,0
460-35-4390,Alex,1/22/2019,96.642,4.5813077287234165,-0.925366103504119,0,96.642,0
343-87-0864,Giza,1/3/2019,79.674,4.390416342447505,-1.1330695417622725,0,79.674,0
173-50-1108,Cairo,2/13/2019,84.756,4.451506054443685,-1.0665995795950578,0,84.756,0
243-47-2663,Giza,1/28/2019,118.251,4.781230515477525,-0.7078358576136053,0,118.251,0
841-18-8232,Cairo,1/5/2019,74.76,4.327570448877823,-1.2014503546919977,0,74.76,0
701-23-5550,Cairo,3/19/2019,163.002,5.09987862287179,-0.36112399810319074,0,163.002,0
647-50-1224,Alex,1/12/2019,308.91,5.736281932746788,0.33132817671024317,0,308.91,0
541-48-8554,Alex,1/7/2019,575.9775,6.357803270947089,1.0075877053011426,0,575.9775,0
539-21-7227,Cairo,1/26/2019,270.585,5.604275165882526,0.18769540267077003,0,270.585,0
213-32-1216,Alex,1/23/2019,416.178,6.033512989233813,0.6547367578613401,0,416.178,0
747-58-7183,Cairo,2/9/2019,180.4005,5.200707294016818,-0.2514152151120444,0,180.4005,0
582-52-8065,Cairo,2/22/2019,513.2295,6.242669663859045,0.8823141321044681,0,513.2295,0
210-57-1719,Cairo,2/5/2019,550.368,6.312402462810622,0.9581883891056328,0,550.368,0
399-69-4630,Giza,3/7/2019,139.923,4.948213641920861,-0.5261463106413463,0,139.923,0
134-75-2619,Alex,3/25/2019,142.002,4.96285861617609,-0.5102115345084064,0,142.002,0
356-44-8813,Cairo,1/20/2019,118.062,4.779644365837137,-0.7095617015101156,0,118.062,0
198-66-9832,Cairo,2/4/2019,151.284,5.025747198571469,-0.44178427309273743,0,151.284,0
283-26-5248,Giza,1/30/2019,1034.46,6.942601051407736,1.6438893847904943,1,950.26575,1
712-39-0363,Alex,1/2/2019,262.458,5.573893962487663,0.15463848728741933,0,262.458,0
218-59-9410,Alex,3/29/2019,228.123,5.43425897726198,0.002705667801364179,0,228.123,0
174-75-0888,Cairo,3/14/2019,203.931,5.322673337114987,-0.11870746440392149,0,203.931,0
866-99-7614,Giza,2/11/2019,936.6,6.843323418822748,1.5358682423371235,0,936.6,0
134-54-4720,Cairo,1/30/2019,356.328,5.878654127478119,0.48623927529336614,0,356.328,0
760-90-2357,Alex,3/20/2019,469.413,6.15361103225697,0.7854119913049831,0,469.413,0
514-37-2845,Cairo,3/20/2019,208.425,5.344365680039873,-0.09510464870189933,0,208.425,0
698-98-5964,Alex,1/17/2019,852.705,6.749585700857491,1.4338749219695097,0,852.705,0
718-57-9773,Giza,2/3/2019,517.965,6.25183644351231,0.8922882419314357,0,517.965,0
651-88-7328,Alex,1/1/2019,621.243,6.433330691686635,1.089766923946973,0,621.243,0
241-11-2261,Cairo,1/10/2019,586.971,6.376677626954478,1.028124350322813,0,586.971,0
408-26-9866,Giza,3/2/2019,543.753,6.30033248092292,0.9450553882578846,0,543.753,0
834-83-1826,Cairo,2/25/2019,430.71,6.067754066527567,0.6919934912442512,0,430.71,0
343-61-3544,Cairo,1/29/2019,280.035,5.638479216737538,0.22491184864845493,0,280.035,0
239-48-4278,Alex,3/10/2019,74.4555,4.323543078514665,-1.2058324207866813,0,74.4555,0
355-34-6244,Cairo,1/13/2019,152.019,5.0305620966889,-0.4365453206530094,0,152.019,0
550-84-8664,Alex,3/22/2019,451.0275,6.113743018689475,0.7420327500723662,0,451.0275,0
339-96-8318,Cairo,3/1/2019,597.6285,6.394641205377776,1.047670004397252,0,597.6285,0
458-61-0011,Cairo,2/20/2019,253.26,5.538357365521977,0.11597213613473398,0,253.26,0
592-34-6155,Giza,1/14/2019,133.434,4.901073372286445,-0.5774382849650738,0,133.434,0
797-88-0493,Alex,3/26/2019,269.934,5.601875248783002,0.18508412175951314,0,269.934,0
207-73-1363,Cairo,3/1/2019,145.971,4.9902352884051275,-0.48042376324763963,0,145.971,0
390-31-6381,Giza,1/7/2019,85.743,4.462949723928571,-1.054148051295791,0,85.743,0
443-82-0585,Alex,2/1/2019,326.256,5.790742739228502,0.39058541705640626,0,326.256,0
339-18-7061,Giza,2/13/2019,195.258,5.2794301201628855,-0.1657591675609857,0,195.258,0
359-90-3665,Cairo,1/14/2019,75.936,4.3429739074101805,-1.184690293587861,0,75.936,0
375-72-3056,Cairo,1/19/2019,198.639,5.296510735572634,-0.14717424019793404,0,198.639,0
127-47-6963,Alex,3/9/2019,217.182,5.385329576870652,-0.05053300834560133,0,217.182,0
278-86-2735,Alex,3/27/2019,164.871,5.111210377817527,-0.3487942408016929,0,164.871,0
695-28-6250,Alex,2/4/2019,226.065,5.425236320105229,-0.007111626473888505,0,226.065,0
379-17-6588,Giza,3/14/2019,625.905,6.440795014001825,1.0978886388099536,0,625.905,0
227-50-3718,Alex,3/4/2019,76.755,4.3535628576733005,-1.1731687607408225,0,76.755,0
302-15-2162,Giza,3/3/2019,293.139,5.684052444724769,0.27449876993462013,0,293.139,0
788-07-8452,Giza,1/27/2019,178.164,5.188301587502014,-0.26491350829025034,0,178.164,0
560-49-6611,Alex,2/7/2019,47.859,3.888938598980772,-1.6787130805306032,0,47.859,0
880-35-0356,Alex,2/5/2019,236.88,5.471766344838393,0.04351635788862317,0,236.88,0
585-11-6748,Cairo,3/15/2019,304.92,5.723323629863036,0.317228619284139,0,304.92,0
470-31-3286,Cairo,3/1/2019,46.683,3.864574940240835,-1.705222478296299,0,46.683,0
152-68-2907,Alex,2/15/2019,164.43,5.108548144618925,-0.35169094033110765,0,164.43,0
123-35-4896,Giza,2/17/2019,440.937,6.09116733798212,0.7174687998836529,0,440.937,0
258-69-7810,Giza,1/26/2019,193.4625,5.27023934241324,-0.17575938902780822,0,193.4625,0
334-64-2006,Alex,3/24/2019,147.672,5.001742537147944,-0.4679030561827321,0,147.672,0
219-61-4139,Giza,1/23/2019,87.234,4.479992376259862,-1.0356044304687575,0,87.234,0
881-41-7302,Giza,1/26/2019,68.2395,4.237571509022548,-1.2993756179121552,0,68.2395,0
373-09-4567,Giza,3/14/2019,814.38,6.7036542622452435,1.383898241983971,0,814.38,0
642-30-6693,Cairo,3/17/2019,343.413,5.841841518647223,0.44618453225546895,0,343.413,0
484-22-8230,Giza,1/8/2019,381.3915,5.946444952896727,0.560000526633705,0,381.3915,0
830-58-2383,Cairo,2/8/2019,133.35,4.9004483350615,-0.5781183700291145,0,133.35,0
559-98-9873,Alex,2/10/2019,394.3275,5.979714535300091,0.5962002043111654,0,394.3275,0
544-32-5024,Giza,3/28/2019,209.118,5.347669277670006,-0.09151009894359706,0,209.118,0
318-12-0304,Alex,1/23/2019,32.1405,3.5007560993921456,-2.1010833163445186,0,32.1405,0
349-97-8902,Cairo,1/17/2019,121.569,4.8086741367165455,-0.6779752410567111,0,121.569,0
421-95-9805,Alex,2/7/2019,30.408,3.4470626375341054,-2.159505631030728,0,30.408,0
277-35-5865,Giza,3/9/2019,935.2665,6.841900158174134,1.5343196332771665,0,935.2665,0
789-23-8625,Cairo,1/24/2019,293.643,5.68576445400189,0.2763615580893139,0,293.643,0
284-54-4231,Giza,1/19/2019,84.9765,4.454074003098381,-1.0638054683716218,0,84.9765,0
443-59-0061,Alex,2/3/2019,708.225,6.564172824565779,1.232132493175687,0,708.225,0
509-29-3912,Alex,3/20/2019,365.904,5.905100233454983,0.5150145241251539,0,365.904,0
327-40-9673,Cairo,1/13/2019,457.38,6.127698534431261,0.7572173461863314,0,457.38,0
840-19-2096,Giza,3/14/2019,461.5275,6.136706014644296,0.7670181268647509,0,461.5275,0
828-46-6863,Alex,1/23/2019,620.739,6.432520390528617,1.0888852585149786,0,620.739,0
641-96-3695,Giza,2/7/2019,273.798,5.616036282301331,0.200492335867166,0,273.798,0
420-97-3340,Alex,3/28/2019,225.792,5.42403329786287,-0.008420600445495115,0,225.792,0
436-54-4512,Alex,3/20/2019,96.1905,4.576672970064344,-0.9304090513697432,0,96.1905,0
670-79-6321,Cairo,1/17/2019,695.2365,6.54568940146644,1.2120212110303312,0,695.2365,0
852-62-7105,Cairo,1/12/2019,874.125,6.774366733297362,1.4608384520782414,0,874.125,0
598-06-7312,Cairo,2/16/2019,95.9175,4.573860101145976,-0.9334696533021429,0,95.9175,0
135-13-8269,Cairo,1/26/2019,165.648,5.115883803481614,-0.3437092204777708,0,165.648,0
816-57-2053,Alex,3/9/2019,127.827,4.8584704190307075,-0.6237933355715903,0,127.827,0
628-90-8624,Cairo,3/14/2019,867.09,6.766295395921207,1.4520562615505568,0,867.09,0
856-66-2701,Alex,1/25/2019,167.895,5.129277220059996,-0.32913622832959244,0,167.895,0
308-39-1707,Alex,1/26/2019,12.6945,2.6169942923734832,-3.0626791719778343,1,19.188435,1
149-61-1929,Alex,1/19/2019,673.995,6.514705283437688,1.178308281539283,0,673.995,0
655-07-2265,Alex,3/5/2019,246.6765,5.512123459164566,0.08742777561811566,0,246.6765,0
589-02-8023,Alex,1/15/2019,175.917,5.175680696039717,-0.2786459380333772,0,175.917,0
420-04-7590,Cairo,3/18/2019,314.055,5.752747226758876,0.3492435905220479,0,314.055,0
182-88-2763,Cairo,3/20/2019,251.7165,5.532268307078522,0.10934680641643864,0,251.7165,0
188-55-0967,Cairo,1/15/2019,697.935,6.54955774792428,1.2162302477780962,0,697.935,0
610-46-4100,Alex,3/3/2019,212.7825,5.3649591430425545,-0.07269749270211728,0,212.7825,0
318-81-2368,Giza,3/19/2019,48.51,3.9021746693733315,-1.6643112922509167,0,48.51,0
364-33-8584,Cairo,3/8/2019,92.5575,4.538576220538107,-0.971861031039596,0,92.5575,0
665-63-9737,Cairo,2/27/2019,165.123,5.112728477833775,-0.3471424397479846,0,165.123,0
695-09-5146,Cairo,2/23/2019,311.1885,5.743607172040946,0.33929855933013336,0,311.1885,0
155-45-3814,Giza,3/19/2019,743.82,6.613142578448728,1.2854150767986205,0,743.82,0
794-32-2436,Cairo,3/27/2019,116.907,4.769896178130305,-0.7201684247520341,0,116.907,0
131-15-8856,Giza,3/30/2019,609.168,6.413734329085096,1.0684446842739366,0,609.168,0
273-84-2164,Giza,2/16/2019,63.2625,4.162976257381623,-1.3805405701177922,0,63.2625,0
706-36-6154,Alex,1/18/2019,182.952,5.214674854011385,-0.23621751399233418,0,182.952,0
778-89-7974,Giza,3/30/2019,442.323,6.094298624005371,0.7208758623283611,0,442.323,0
574-31-8277,Cairo,3/20/2019,35.3115,3.5921344955065986,-2.0016571063632336,0,35.3115,0
859-71-0933,Giza,1/16/2019,32.529,3.5124107359952172,-2.088402240779336,0,32.529,0
740-11-5257,Giza,2/24/2019,259.77,5.5636387927611155,0.14348013146173477,0,259.77,0
369-82-2676,Cairo,1/15/2019,397.215,5.986992060433425,0.6041186705222016,0,397.215,0
563-47-4072,Cairo,1/22/2019,351.603,5.8653427781521925,0.4717555781670117,0,351.603,0
742-04-5161,Alex,2/3/2019,764.19,6.640124169001876,1.3147729710278675,0,764.19,0
149-15-7606,Cairo,3/6/2019,352.674,5.868375584886417,0.4750554881239776,0,352.674,0
133-77-3154,Cairo,2/16/2019,252.756,5.536373175396648,0.11381319581150201,0,252.756,0
169-52-4504,Alex,3/14/2019,49.4235,3.920457336248589,-1.6444184471906858,0,49.4235,0
250-81-7186,Giza,2/27/2019,104.6745,4.660363614953607,-0.8393476628353369,0,104.6745,0
562-12-5430,Alex,1/18/2019,277.6725,5.630037257211853,0.21572639479782083,0,277.6725,0
816-72-8853,Alex,1/29/2019,146.6325,4.994726077630075,-0.47553746439093775,0,146.6325,0
491-38-3499,Alex,2/26/2019,58.2225,4.081301537250145,-1.469408488786269,0,58.2225,0
322-02-2271,Cairo,2/3/2019,135.3555,4.9152654458451375,-0.5619962970804423,0,135.3555,0
842-29-4695,Giza,1/16/2019,125.979,4.844021718455348,-0.6395145519471005,0,125.979,0
725-67-2480,Cairo,3/24/2019,370.125,5.916538933083924,0.5274606448668159,0,370.125,0
641-51-2661,Giza,2/12/2019,914.55,6.819524977587723,1.5099738415151047,0,914.55,0
714-02-3114,Giza,2/21/2019,207.48,5.339843113376535,-0.10002552367720763,0,207.48,0
518-17-2983,Alex,2/4/2019,204.246,5.32420925971389,-0.11703627110958623,0,204.246,0
779-42-2410,Cairo,2/20/2019,181.881,5.208835668098042,-0.2425709645826966,0,181.881,0
190-14-3147,Cairo,2/23/2019,75.474,4.33695081378279,-1.1912438488831822,0,75.474,0
408-66-6712,Giza,2/16/2019,300.573,5.70901210958,0.30165666484722437,0,300.573,0
679-22-6530,Cairo,1/17/2019,85.302,4.457852772791878,-1.0596938975300196,0,85.302,0
588-47-8641,Alex,1/14/2019,588.42,6.37913900254092,1.030802502449645,0,588.42,0
642-61-4706,Cairo,3/30/2019,196.14,5.283914136237293,-0.1608802383749769,0,196.14,0
576-31-4774,Cairo,3/2/2019,231.2415,5.447777778531203,0.017415087432734924,0,231.2415,0
556-41-6224,Giza,2/15/2019,282.576,5.647480164842838,0.23470552192793823,0,282.576,0
811-03-8790,Alex,3/1/2019,477.54,6.1707398019655315,0.8040493139784014,0,477.54,0
242-11-3142,Cairo,2/24/2019,175.917,5.175680696039717,-0.2786459380333772,0,175.917,0
752-23-3760,Cairo,2/19/2019,470.988,6.1569535615335536,0.7890489014703347,0,470.988,0
274-05-5470,Alex,2/23/2019,308.574,5.735197158860945,0.3301478653812836,0,308.574,0
648-94-3045,Giza,2/7/2019,618.975,6.429679154645515,1.0857937913024682,0,618.975,0
130-67-4723,Alex,1/11/2019,305.55,5.725380874208697,0.31946704780764124,0,305.55,0
528-87-5606,Cairo,2/12/2019,41.454,3.748421136822252,-1.8316060978375739,0,41.454,0
320-85-2052,Cairo,1/14/2019,36.5505,3.62568669370072,-1.9651499225557607,0,36.5505,0
370-96-0655,Giza,1/9/2019,310.716,5.742092516864285,0.3376505065075025,0,310.716,0
105-10-6182,Alex,2/27/2019,45.108,3.830986470738766,-1.7417691278728558,0,45.108,0
510-79-0415,Cairo,1/24/2019,145.404,4.986369923558333,-0.48462955579000744,0,145.404,0
241-96-5076,Cairo,1/8/2019,103.11,4.645448032486661,-0.8555768799961881,0,103.11,0
767-97-4650,Cairo,1/8/2019,136.143,4.921024177072693,-0.555730386924397,0,136.143,0
648-83-1321,Alex,1/16/2019,667.38,6.504856874071287,1.1675925099862454,0,667.38,0
173-57-2300,Giza,3/13/2019,153.048,5.037264242160607,-0.4292529085366885,0,153.048,0
305-03-2383,Alex,2/15/2019,211.365,5.358306492362008,-0.0799360509568244,0,211.365,0
394-55-6384,Giza,1/25/2019,663.2955,6.498727080600381,1.1609228576537969,0,663.2955,0
266-20-6657,Giza,3/12/2019,404.544,6.005229375683696,0.6239621697810103,0,404.544,0
689-05-1884,Alex,3/4/2019,510.615,6.23757238905595,0.8767679336981176,0,510.615,0
196-01-2849,Giza,2/10/2019,539.343,6.292204123098779,0.936211155417402,0,539.343,0
372-62-5264,Giza,1/16/2019,497.07,6.210740629395701,0.8475730661628432,0,497.07,0
800-09-8606,Alex,1/29/2019,458.6925,6.130557787691056,0.7603284175892702,0,458.6925,0
182-52-7000,Alex,1/1/2019,113.568,4.741168533176402,-0.7514261506578059,0,113.568,0
826-58-8051,Cairo,1/6/2019,261.198,5.569099943535443,0.14942225286806435,0,261.198,0
868-06-0466,Alex,2/19/2019,657.531,6.490011596764709,1.151439789852424,0,657.531,0
751-41-9720,Giza,1/12/2019,1023.75,6.932203959384447,1.632576607387316,1,950.26575,1
626-43-7888,Giza,2/7/2019,507.444,6.231355081597158,0.8700030599073606,0,507.444,0
176-64-7711,Cairo,3/27/2019,101.808,4.63286317100484,-0.8692701065517269,0,101.808,0
191-29-0321,Cairo,2/27/2019,207.585,5.340346632023357,-0.0994776594900788,0,207.585,0
729-06-2010,Cairo,1/6/2019,760.4415,6.63521334732253,1.3094296469137114,0,760.4415,0
640-48-5028,Cairo,3/2/2019,835.2855,6.728970061961432,1.4114436370166572,0,835.2855,0
186-79-9562,Cairo,3/29/2019,527.5095,6.270060780550818,0.9121176199705382,0,527.5095,0
834-45-5519,Cairo,1/31/2019,180.6,5.201806466167193,-0.2502192374447207,0,180.6,0
162-65-8559,Giza,1/21/2019,72.429,4.2963189529586945,-1.235454210391026,0,72.429,0
760-27-5490,Giza,1/20/2019,131.208,4.884376439958828,-0.5956057377792989,0,131.208,0
445-30-9252,Alex,1/17/2019,80.955,4.406170316141323,-1.1159280951717752,0,80.955,0
786-94-2700,Alex,2/28/2019,507.906,6.23226332366087,0.8709912920276461,0,507.906,0
728-88-7867,Giza,3/19/2019,317.226,5.762761822182231,0.3601401843536245,0,317.226,0
183-21-3799,Giza,2/19/2019,733.6035,6.599330897871902,1.2703869835991528,0,733.6035,0
268-20-3585,Giza,2/4/2019,130.8825,4.881911374651093,-0.5982879045859638,0,130.8825,0
735-32-9839,Giza,1/31/2019,829.08,6.721522081688025,1.4033397034602755,0,829.08,0
258-92-7466,Alex,2/6/2019,187.32,5.238142643511966,-0.2106828858318782,0,187.32,0
857-16-3520,Alex,3/28/2019,525.231,6.265740279831744,0.9074166071492921,0,525.231,0
482-17-1179,Alex,1/19/2019,37.611,3.653537209966645,-1.9348465751991848,0,37.611,0
788-21-5741,Alex,2/17/2019,142.947,4.969445176271375,-0.5030448875225275,0,142.947,0
821-14-9046,Cairo,1/18/2019,110.124,4.710646694918438,-0.7846360867990592,0,110.124,0
418-05-0656,Cairo,2/2/2019,187.866,5.241037768895039,-0.20753278300123787,0,187.866,0
678-79-0726,Giza,1/18/2019,856.4535,6.753966950164489,1.438642033585611,0,856.4535,0
776-68-1096,Cairo,3/18/2019,138.978,4.941485267403929,-0.5334672618289258,0,138.978,0
592-46-1692,Giza,1/11/2019,270.2595,5.603075927282852,0.18639054557216764,0,270.2595,0
434-35-9162,Cairo,2/4/2019,98.028,4.595402638429039,-0.9100298368191223,0,98.028,0
149-14-0304,Giza,2/6/2019,239.4,5.4823042026610525,0.05498229851770082,0,239.4,0
442-44-6497,Giza,1/8/2019,175.0455,5.170742484354182,-0.2840190644270936,0,175.0455,0
174-64-0215,Cairo,3/5/2019,732.27,6.59751398331238,1.2684100510177707,0,732.27,0
210-74-9613,Giza,3/16/2019,408.492,6.014917367082758,0.6345033951482574,0,408.492,0
299-29-0180,Cairo,3/9/2019,383.523,5.95200360510206,0.5660487365485315,0,383.523,0
247-11-2470,Alex,3/1/2019,93.744,4.551178517419194,-0.958148833526564,0,93.744,0
635-28-5728,Alex,2/28/2019,176.4,5.17840706987548,-0.2756794489176954,0,176.4,0
756-49-0168,Alex,2/8/2019,20.685,3.0766207772873297,-2.562572786385715,0,20.685,0
438-23-1242,Cairo,1/24/2019,557.718,6.325644873594237,0.972597076182839,0,557.718,0
238-45-6950,Cairo,3/1/2019,56.406,4.050148827479406,-1.5033048581126902,0,56.406,0
607-65-2441,Giza,3/10/2019,860.475,6.75864603639428,1.4437332130086016,0,860.475,0
386-27-7606,Giza,3/23/2019,596.82,6.393289705295551,1.0461994759498419,0,596.82,0
137-63-5492,Giza,1/29/2019,616.98,6.426456094474468,1.0822868720417333,0,616.98,0
197-77-7132,Cairo,1/12/2019,769.104,6.646525570662347,1.3217381524354226,0,769.104,0
805-86-0265,Alex,3/20/2019,887.922,6.79000949263199,1.4778588895166855,0,887.922,0
733-29-1227,Giza,3/23/2019,408.7335,6.015506948356768,0.6351449016097773,0,408.7335,0
451-73-2711,Giza,1/14/2019,89.0715,4.500603799370758,-1.0131777325907352,0,89.0715,0
373-14-0504,Alex,2/12/2019,150.423,5.020077244921111,-0.44795358691521414,0,150.423,0
546-80-2899,Alex,2/20/2019,79.149,4.383887402371365,-1.1401734940591857,0,79.149,0
345-68-9016,Giza,1/2/2019,266.028,5.587353521815747,0.16928344746305565,0,266.028,0
390-17-5806,Giza,2/2/2019,40.341,3.7218547436078886,-1.860512227759884,0,40.341,0
457-13-1708,Cairo,1/8/2019,684.915,6.530753713343276,1.195770117482041,0,684.915,0
664-14-2882,Giza,1/30/2019,55.2825,4.030383652012992,-1.5248107782185678,0,55.2825,0
487-79-6868,Cairo,3/26/2019,116.1405,4.763374069049317,-0.7272649444391925,0,116.1405,0
314-23-4520,Giza,1/15/2019,597.0405,6.393658477409855,1.046600726302563,0,597.0405,0
210-30-7976,Cairo,3/14/2019,93.744,4.551178517419194,-0.958148833526564,0,93.744,0
585-86-8361,Alex,2/3/2019,143.22,4.971339911488614,-0.500983280517167,0,143.22,0
807-14-7833,Alex,2/22/2019,182.91,5.21444650751089,-0.23646597126530114,0,182.91,0
775-72-1988,Cairo,1/24/2019,384.72,5.9551117176421835,0.5694305845913958,0,384.72,0
288-38-3758,Giza,1/25/2019,267.3405,5.592256696468334,0.17461845106688723,0,267.3405,0
652-43-6591,Alex,3/9/2019,817.236,6.707150803549614,1.3877027282161558,0,817.236,0
785-96-0615,Cairo,2/17/2019,300.216,5.70782761536481,0.30036785069017147,0,300.216,0
406-46-7107,Alex,1/11/2019,608.076,6.411943054669165,1.066495649996848,0,608.076,0
250-17-5703,Alex,2/27/2019,197.925,5.292927869263599,-0.15107265418991178,0,197.925,0
156-95-3964,Alex,3/25/2019,232.638,5.4537729089574185,0.023938216771484375,0,232.638,0
842-40-8179,Cairo,2/11/2019,810.6,6.69900760795166,1.378842350819875,0,810.6,0
525-09-8450,Cairo,1/31/2019,757.365,6.631164800086848,1.3050245388718733,0,757.365,0
410-67-1709,Alex,1/20/2019,536.592,6.287099908145836,0.9306574056332051,0,536.592,0
587-73-4862,Alex,3/26/2019,56.1225,4.045198084580562,-1.508691619359925,0,56.1225,0
787-87-2010,Alex,1/20/2019,233.1,5.455748374496865,0.026087664123239405,0,233.1,0
593-14-4239,Cairo,3/5/2019,801.864,6.688185334721217,1.3670669459491536,0,801.864,0
801-88-0346,Giza,1/5/2019,239.589,5.483090083459688,0.0558373928575874,0,239.589,0
388-76-2555,Cairo,2/13/2019,86.247,4.46874317653724,-1.047844361801563,0,86.247,0
711-31-1234,Cairo,3/16/2019,401.688,5.998162068555703,0.6162724357477066,0,401.688,0
886-54-6089,Alex,1/15/2019,72.009,4.290582721220324,-1.2416956394986916,0,72.009,0
707-32-7409,Cairo,2/26/2019,401.268,5.9971185331621815,0.615136994838575,0,401.268,0
759-98-4285,Giza,2/27/2019,631.1445,6.4491180072533965,1.1069446488724093,0,631.1445,0
201-63-8275,Giza,2/17/2019,499.7265,6.216060043839108,0.8533609683357507,0,499.7265,0
471-06-8611,Giza,2/6/2019,55.041,4.026083565706457,-1.5294895787034843,0,55.041,0
200-16-5952,Giza,1/17/2019,137.865,4.933502238166431,-0.5421533668056433,0,137.865,0
120-54-2248,Cairo,1/22/2019,151.515,5.027262951866112,-0.4401350254394492,0,151.515,0
102-77-2261,Giza,3/5/2019,480.0285,6.175926519909709,0.8096928328992801,0,480.0285,0
875-31-8302,Cairo,1/3/2019,98.049,4.59561467718244,-0.9097991235376877,0,98.049,0
102-06-2002,Giza,3/20/2019,132.5625,4.894569533079366,-0.5845149257268305,0,132.5625,0
457-94-0464,Cairo,1/31/2019,830.3715,6.723076746702475,1.4050312898390043,0,830.3715,0
629-42-4133,Giza,2/19/2019,183.12,5.215587718949041,-0.23522425185560028,0,183.12,0
534-53-3526,Alex,2/11/2019,397.992,5.988941366563544,0.6062396545715188,0,397.992,0
307-04-2070,Alex,2/5/2019,32.151,3.5010728820894084,-2.10073863418423,0,32.151,0
468-99-7231,Giza,3/3/2019,369.684,5.91534994763901,0.5261669439316118,0,369.684,0
516-77-6464,Giza,2/24/2019,53.34,3.9952606039982017,-1.5630271586278637,0,53.34,0
404-91-5964,Alex,2/4/2019,548.163,6.308395300903258,0.9538283112516551,0,548.163,0
886-77-9084,Giza,2/19/2019,603.876,6.405023478346255,1.0589666576122425,0,603.876,0
790-38-4466,Giza,1/23/2019,57.6975,4.0723971364892755,-1.4790971116714728,0,57.6975,0
704-10-4056,Giza,1/14/2019,190.4805,5.25478597575967,-0.19257375372612437,0,190.4805,0
497-37-6538,Alex,1/17/2019,432.9885,6.073018036053482,0.6977210653938694,0,432.9885,0
651-96-5970,Alex,3/3/2019,48.7305,3.9066184269692865,-1.6594761671597742,0,48.7305,0
400-80-4065,Giza,2/15/2019,287.91,5.666115220926443,0.2549817915711574,0,287.91,0
744-16-7898,Cairo,1/15/2019,1022.385,6.930871039237975,1.6311262952346999,1,950.26575,1
263-12-5321,Alex,2/27/2019,680.61,6.524457646768985,1.18891954815833,0,680.61,0
702-72-0487,Alex,2/26/2019,97.881,4.593917106926851,-0.9116462010074959,0,97.881,0
605-83-1050,Cairo,3/15/2019,57.078,4.061786934661925,-1.4906417677355672,0,57.078,0
443-60-9639,Giza,1/24/2019,63.9135,4.173055614405136,-1.3695735110479335,0,63.9135,0
864-24-7918,Alex,2/22/2019,257.145,5.553521442553928,0.13247173309923654,0,257.145,0
359-94-5395,Cairo,3/15/2019,97.419,4.589233874849738,-0.9167418914079591,0,97.419,0
401-09-4232,Giza,2/11/2019,455.1225,6.122761413787905,0.7518454069242941,0,455.1225,0
751-15-6198,Cairo,1/12/2019,144.963,4.983353164933347,-0.48791200425993886,0,144.963,0
324-41-6833,Giza,3/3/2019,253.68,5.540007855148825,0.11776798652376239,0,253.68,0
474-33-8305,Giza,3/23/2019,495.3165,6.2072138280613105,0.8437356548605458,0,495.3165,0
759-29-9521,Alex,3/4/2019,462.672,6.139177405705356,0.7697071765420406,0,462.672,0
831-81-6575,Cairo,2/23/2019,714.3255,6.572737683856798,1.241451670733393,0,714.3255,0
220-68-6701,Alex,3/17/2019,325.374,5.788043963054431,0.3876489561642757,0,325.374,0
618-34-8551,Alex,1/16/2019,195.678,5.281567873689921,-0.16343313930808154,0,195.678,0
257-60-7754,Alex,1/8/2019,210.966,5.356425884451698,-0.0819822864450103,0,210.966,0
559-61-5987,Cairo,1/14/2019,18.6375,2.9774410035817396,-2.670487451401253,1,19.188435,1
189-55-2313,Giza,1/31/2019,652.89,6.482939141592058,1.143744454379492,0,652.89,0
565-91-4567,Cairo,3/15/2019,90.3,4.514150787600923,-0.9984376435362134,0,90.3,0
380-60-5336,Alex,2/24/2019,422.73,6.0490964599406984,0.671692685045697,0,422.73,0
815-04-6282,Giza,2/8/2019,341.0925,5.835081168329031,0.43882878911633966,0,341.0925,0
674-56-6360,Alex,3/22/2019,99.9075,4.614204255617962,-0.8895723368180043,0,99.9075,0
778-34-2523,Alex,1/24/2019,408.408,6.014712213827672,0.6342801737799056,0,408.408,0
499-27-7781,Cairo,3/14/2019,446.964,6.1047128720433195,0.732207306698662,0,446.964,0
477-59-2456,Giza,1/23/2019,333.984,5.814082769490434,0.41598103405635634,0,333.984,0
832-51-6761,Alex,1/19/2019,284.592,5.654564218868626,0.24241347778004776,0,284.592,0
869-11-3082,Cairo,1/27/2019,403.872,6.003570967769692,0.6221577037310061,0,403.872,0
190-59-3964,Cairo,2/3/2019,247.59,5.515804953006089,0.09143350339729067,0,247.59,0
366-43-6862,Cairo,3/25/2019,222.138,5.407790414141985,-0.026094016003276786,0,222.138,0
186-43-8965,Alex,2/24/2019,100.128,4.616387041193256,-0.8871973104859434,0,100.128,0
784-21-9238,Giza,2/7/2019,10.6785,2.4577495444953943,-3.2359488113476527,1,19.188435,1
276-75-6884,Alex,3/4/2019,216.4365,5.381906853878878,-0.05425717499065494,0,216.4365,0
109-86-4363,Cairo,2/14/2019,441.588,6.092639314732453,0.7190704155355936,0,441.588,0
569-76-2760,Alex,1/29/2019,92.442,4.537340922960441,-0.9732051228771519,0,92.442,0
222-42-0244,Cairo,1/28/2019,681.4395,6.525673878441298,1.190242894931519,0,681.4395,0
760-53-9233,Alex,3/26/2019,130.032,4.8754415681800785,-0.6053275153044498,0,130.032,0
538-22-0304,Giza,3/24/2019,681.975,6.526458255679793,1.1910963532907735,0,681.975,0
416-17-9926,Alex,1/1/2019,779.31,6.659691276624346,1.336063379197884,0,779.31,0
237-44-6163,Alex,1/24/2019,88.704,4.496515361158579,-1.0176262448591105,0,88.704,0
636-17-0325,Cairo,2/25/2019,262.794,5.575168495521142,0.1560252700982717,0,262.794,0
343-75-9322,Cairo,1/9/2019,99.54,4.610555658264429,-0.8935422708728235,0,99.54,0
528-14-9470,Alex,2/14/2019,95.865,4.573318256538909,-0.9340592188665461,0,95.865,0
427-45-9297,Cairo,3/12/2019,299.3655,5.705000066423734,0.2972912758464237,0,299.3655,0
807-34-3742,Alex,3/26/2019,54.999,4.0253338334328514,-1.5303053408708553,0,54.999,0
288-62-1085,Alex,1/9/2019,202.335,5.314854865186966,-0.1272145192954792,0,202.335,0
670-71-7306,Cairo,1/2/2019,281.169,5.642506182215248,0.22929347419890425,0,281.169,0
660-29-7083,Giza,1/15/2019,586.635,6.376106006855314,1.027502386900104,0,586.635,0
271-77-8740,Giza,1/1/2019,184.086,5.220820581926993,-0.22953052384797087,0,184.086,0
497-36-0989,Alex,2/15/2019,163.611,5.10358511468561,-0.3570910707478757,0,163.611,0
291-59-1384,Cairo,2/28/2019,63.315,4.163792885530679,-1.3796520204684533,0,63.315,0
860-73-6466,Alex,3/2/2019,82.887,4.429470655103012,-1.0905756651363614,0,82.887,0
549-23-9016,Giza,2/13/2019,31.227,3.47280461051459,-2.1314965291015966,0,31.227,0
896-34-0956,Alex,1/26/2019,22.386,3.1521375527181266,-2.480405150594782,0,22.386,0
804-38-3935,Alex,1/30/2019,295.407,5.691733509877204,0.2828563164576443,0,295.407,0
585-90-0249,Alex,1/27/2019,76.923,4.355721159619828,-1.1708203743424697,0,76.923,0
862-29-5914,Giza,1/30/2019,23.499,3.1986323003911417,-2.429815550188862,0,23.499,0
845-94-6841,Giza,1/8/2019,688.716,6.536279918660263,1.20178302286898,0,688.716,0
125-45-2293,Alex,1/19/2019,624.33,6.438279510393448,1.095151591536089,0,624.33,0
843-73-4724,Alex,1/25/2019,77.805,4.366976446627504,-1.15857381960952,0,77.805,0
409-33-9708,Alex,2/19/2019,206.808,5.336614576480381,-0.1035384020053334,0,206.808,0
658-66-3967,Giza,1/14/2019,390.9465,5.971125350884439,0.5868545592835487,0,390.9465,0
866-70-2814,Cairo,2/25/2019,554.295,6.319499504065119,0.9659104759885281,0,554.295,0
160-22-2687,Alex,1/23/2019,503.7375,6.224038492151278,0.8620420889391051,0,503.7375,0
895-03-6665,Cairo,2/16/2019,345.0195,5.846495131851153,0.4512479952101716,0,345.0195,0
770-42-8960,Cairo,1/1/2019,177.408,5.184073062189817,-0.2695144453112411,0,177.408,0
748-45-2862,Alex,3/7/2019,118.902,4.786674742461488,-0.7019121504978085,0,118.902,0
234-36-2483,Cairo,2/15/2019,362.817,5.89665099396422,0.5058211491534752,0,362.817,0
316-66-3011,Alex,1/23/2019,450.1035,6.111696803196044,0.7398063217264144,0,450.1035,0
848-95-6252,Giza,2/20/2019,90.5835,4.51725112445018,-0.9950642559993953,0,90.5835,0
840-76-5966,Alex,1/8/2019,26.796,3.324892125452081,-2.2924358585713187,0,26.796,0
152-03-4217,Cairo,3/17/2019,106.596,4.678383472315497,-0.8197407732631892,0,106.596,0
533-66-5566,Cairo,1/12/2019,375.3645,5.930558088704347,0.5427144857060738,0,375.3645,0
124-31-1458,Alex,1/8/2019,250.7085,5.528271671932606,0.10499818242944356,0,250.7085,0
176-78-1170,Giza,1/26/2019,106.5015,4.67750480095874,-0.8206968303460037,0,106.5015,0
361-59-0574,Cairo,3/15/2019,760.452,6.6352271368619835,1.30944465091579,0,760.452,0
101-81-4070,Giza,1/17/2019,131.922,4.889762490017792,-0.5897453313057437,0,131.922,0
631-34-1880,Giza,1/8/2019,76.5765,4.351264546273833,-1.1756694874062332,0,76.5765,0
852-82-2749,Alex,1/6/2019,271.278,5.606823603173017,0.19046828413884836,0,271.278,0
873-14-6353,Alex,2/16/2019,182.427,5.211816768179704,-0.2393273151502505,0,182.427,0
584-66-4073,Giza,3/13/2019,59.325,4.099746611511096,-1.4493389329112385,0,59.325,0
544-55-9589,Cairo,1/28/2019,225.015,5.420601368751199,-0.01215478400536532,0,225.015,0
166-19-2553,Alex,1/18/2019,561.078,6.331640630298832,0.979120886957117,0,561.078,0
737-88-5876,Alex,3/19/2019,97.818,4.593279774394743,-0.9123396642423496,0,97.818,0
154-87-7367,Giza,3/15/2019,548.184,6.308433540184656,0.9538699183161637,0,548.184,0
885-56-0389,Giza,2/12/2019,54.9675,4.024771165119899,-1.53091756411193,0,54.9675,0
608-05-3804,Cairo,2/25/2019,41.7375,3.75507675496542,-1.8243643107719638,0,41.7375,0
448-61-3783,Alex,3/21/2019,756.168,6.629585157480712,1.3033057750925614,0,756.168,0
761-49-0439,Cairo,1/19/2019,101.64,4.631227720307381,-0.871049593513349,0,101.64,0
490-95-0021,Cairo,1/8/2019,348.705,5.857089941936803,0.46277590396191093,0,348.705,0
115-38-7388,Giza,3/30/2019,85.512,4.460283132639649,-1.0570494927381926,0,85.512,0
311-13-6971,Cairo,2/20/2019,335.895,5.819771309103206,0.42217057073106395,0,335.895,0
291-55-6563,Alex,3/30/2019,216.846,5.383788391137135,-0.05220992830564195,0,216.846,0
548-48-3156,Alex,3/19/2019,175.014,5.170563537329126,-0.2842137715487476,0,175.014,0
460-93-5834,Alex,1/13/2019,335.013,5.817149849690938,0.4193182359882306,0,335.013,0
325-89-4209,Alex,2/5/2019,92.295,4.535766515849212,-0.9749181900647288,0,92.295,0
884-80-6021,Alex,3/23/2019,771.435,6.649547862836909,1.3250266218018183,0,771.435,0
137-74-8729,Giza,3/13/2019,102.396,4.63856627660652,-0.863064721042576,0,102.396,0
880-46-5796,Alex,3/17/2019,807.66,6.69537855677882,1.3748936844032351,0,807.66,0
389-70-2397,Giza,2/21/2019,439.215,6.087263243932071,0.7132208672068672,0,439.215,0
114-35-5271,Cairo,2/7/2019,486.444,6.18917541204476,0.8241085721489497,0,486.444,0
607-76-6216,Giza,3/2/2019,485.5725,6.187385914161372,0.8221614708659299,0,485.5725,0
715-20-1673,Cairo,3/6/2019,148.995,5.010601960207355,-0.45826337224349195,0,148.995,0
811-35-1094,Cairo,2/6/2019,317.835,5.764673727590067,0.36222047375053756,0,317.835,0
699-88-1972,Cairo,1/28/2019,832.944,6.7261662538213605,1.408392893857051,0,832.944,0
781-84-8059,Giza,1/18/2019,446.439,6.1035402155743075,0.7309313728534469,0,446.439,0
409-49-6995,Giza,2/5/2019,297.801,5.699777799973276,0.2916090776162084,0,297.801,0
725-54-0677,Giza,3/2/2019,629.16,6.445973755395069,1.1035234786747121,0,629.16,0
146-09-5432,Alex,2/9/2019,331.128,5.805520436782879,0.4066646056015964,0,331.128,0
377-79-7592,Giza,1/14/2019,423.738,6.0514725082400584,0.6742779950006008,0,423.738,0
509-10-0516,Cairo,2/9/2019,193.074,5.2682395296312965,-0.17793532791528596,0,193.074,0
595-94-9924,Alex,3/26/2019,145.5825,4.987588409885075,-0.48330375579204893,0,145.5825,0
865-41-9075,Alex,1/28/2019,84.7455,4.451383606534913,-1.066732811649975,0,84.7455,0
545-07-8534,Giza,2/14/2019,122.472,4.8160144097152475,-0.6699885006944182,0,122.472,0
118-62-1812,Giza,3/24/2019,329.196,5.799686417542272,0.400316776719539,0,329.196,0
450-42-3339,Giza,2/9/2019,888.405,6.790552699828278,1.4784499376753097,0,888.405,0
851-98-3555,Cairo,3/24/2019,435.12,6.077917434838181,0.7030519605842309,0,435.12,0
186-71-5196,Alex,3/27/2019,167.034,5.124166339879378,-0.33469723035671134,0,167.034,0
624-01-8356,Cairo,1/27/2019,514.605,6.245340968457889,0.8852207019641087,0,514.605,0
313-66-9943,Cairo,3/27/2019,91.8225,4.530689067300783,-0.980442816092449,0,91.8225,0
151-27-8496,Giza,1/19/2019,235.746,5.466987836464113,0.03831700008392445,0,235.746,0
453-33-6436,Alex,2/7/2019,782.208,6.663398305668729,1.3400968910983546,0,782.208,0
522-57-8364,Alex,1/31/2019,431.256,6.069018005323048,0.6933687467688231,0,431.256,0
459-45-2396,Alex,2/25/2019,313.74,5.7517469011727185,0.3481551649640596,0,313.74,0
717-96-4189,Giza,2/2/2019,223.587,5.414263159952433,-0.019051207073921304,0,223.587,0
722-13-2115,Giza,3/14/2019,44.9925,3.8284783397178015,-1.7444981532459718,0,44.9925,0
749-81-8133,Alex,3/11/2019,397.614,5.9879935300921545,0.6052083409127169,0,397.614,0
777-67-2495,Cairo,2/22/2019,217.2555,5.385666394860376,-0.05016652635865758,0,217.2555,0
636-98-3364,Cairo,3/2/2019,82.719,4.4274659529293,-1.0927569240306827,0,82.719,0
246-55-6923,Giza,3/10/2019,338.2155,5.826635598628446,0.4296394071380192,0,338.2155,0
181-82-6255,Cairo,2/8/2019,103.131,4.645649721876082,-0.8553574275606428,0,103.131,0
838-02-1821,Giza,2/22/2019,26.733,3.3226230398560523,-2.294904785478874,0,26.733,0
887-42-0517,Giza,1/10/2019,611.079,6.416861359148899,1.071847115931328,0,611.079,0
457-12-0244,Giza,3/14/2019,221.886,5.406660429985015,-0.027323519330580647,0,221.886,0
226-34-0034,Cairo,1/10/2019,57.876,4.0754335373303405,-1.4757932910700151,0,57.876,0
321-49-7382,Cairo,2/15/2019,92.7255,4.540370297363681,-0.9699089475410124,0,92.7255,0
397-25-8725,Alex,1/13/2019,374.409,5.928016098292304,0.5399486189013893,0,374.409,0
431-66-2305,Cairo,2/15/2019,833.9625,6.727386813662722,1.409720949986751,0,833.9625,0
825-94-5922,Cairo,3/2/2019,53.151,3.991776440497166,-1.5668181769275196,0,53.151,0
641-62-7288,Cairo,3/24/2019,629.496,6.446506811213557,1.104103481410527,0,629.496,0
756-93-1854,Giza,2/2/2019,175.035,5.170682838903764,-0.28408396292969296,0,175.035,0
243-55-8457,Alex,2/27/2019,781.62,6.6626472652892765,1.3392797056185572,0,781.62,0
458-10-8612,Giza,1/20/2019,470.988,6.1569535615335536,0.7890489014703347,0,470.988,0
501-61-1753,Cairo,1/3/2019,397.845,5.9885728702374434,0.6058387042960263,0,397.845,0
235-06-8510,Giza,1/24/2019,270.018,5.602185239338152,0.18542141358492448,0,270.018,0
433-08-7822,Giza,1/5/2019,579.8415,6.364477914125974,1.0148501929620413,0,579.8415,0
361-85-2571,Alex,3/30/2019,469.77,6.154369652030428,0.786237423705846,0,469.77,0
131-70-8179,Alex,2/17/2019,290.0835,5.673610167592386,0.2631368279111829,0,290.0835,0
500-02-2261,Giza,3/21/2019,360.927,5.891442534031608,0.5001539733990396,0,360.927,0
720-72-2436,Alex,3/2/2019,279.384,5.636160092191433,0.22238847579558743,0,279.384,0
702-83-5291,Giza,3/27/2019,943.299,6.850442853282971,1.543614694624418,0,943.299,0
809-69-9497,Alex,1/19/2019,479.64,6.175118549135715,0.8088137030912539,0,479.64,0
449-16-6770,Alex,2/19/2019,266.6475,5.58967081623907,0.17180482901185376,0,266.6475,0
333-23-2632,Alex,3/28/2019,74.088,4.318660759052062,-1.2111447324568982,0,74.088,0
489-82-1237,Alex,1/5/2019,690.018,6.538165872632447,1.2038350752536442,0,690.018,0
859-97-6048,Giza,3/26/2019,176.925,5.181362113185335,-0.2724641511107448,0,176.925,0
676-10-2200,Cairo,2/3/2019,56.469,4.051245671985454,-1.5021114130883484,0,56.469,0
373-88-1424,Giza,2/6/2019,188.0025,5.2417602424853875,-0.20674668022471307,0,188.0025,0
365-16-4334,Cairo,2/24/2019,222.012,5.407225581671516,-0.026708594002028064,0,222.012,0
503-21-4385,Cairo,2/21/2019,125.7165,4.841952307735183,-0.6417662183534898,0,125.7165,0
305-89-2768,Cairo,1/9/2019,68.985,4.248280933372609,-1.2877230006690794,0,68.985,0
574-80-1489,Cairo,2/25/2019,263.97,5.579616612030595,0.1608651379980774,0,263.97,0
784-08-0310,Giza,1/13/2019,88.368,4.492762676268547,-1.0217094335747736,0,88.368,0
200-40-6154,Cairo,2/9/2019,415.233,6.031245199619803,0.6522692410746199,0,415.233,0
846-10-0341,Alex,1/6/2019,312.8895,5.7490410131450815,0.3452109658681956,0,312.8895,0
577-34-7579,Giza,1/10/2019,477.1305,6.169883707782612,0.8031178224704072,0,477.1305,0
430-02-3888,Cairo,2/7/2019,289.926,5.673068939300255,0.26254793294137146,0,289.926,0
867-47-1948,Giza,1/9/2019,165.9,5.11739483066779,-0.34206511516745247,0,165.9,0
384-59-6655,Alex,2/19/2019,932.337,6.838766336058898,1.5309098113835624,0,932.337,0
256-58-3609,Giza,3/18/2019,96.579,4.58066230633354,-0.9260683690810076,0,96.579,0
324-92-3863,Alex,2/5/2019,43.869,3.803747133133792,-1.7714074692710904,0,43.869,0
593-08-5916,Alex,3/19/2019,16.275,2.8492603696537335,-2.8099571200141433,1,19.188435,1
364-34-2972,Giza,3/30/2019,304.983,5.723529544853558,0.3174526694749551,0,304.983,0
794-42-3736,Cairo,1/26/2019,69.993,4.2625812806315535,-1.27216320327898,0,69.993,0
172-42-8274,Cairo,3/2/2019,80.367,4.398969785404101,-1.1237627859903692,0,80.367,0
558-60-5016,Alex,3/4/2019,314.685,5.754744880972998,0.3514171807338365,0,314.685,0
195-06-0432,Alex,1/13/2019,255.1815,5.54588617764387,0.12416402050533945,0,255.1815,0
605-03-2706,Alex,3/25/2019,49.77,3.927305628959303,-1.6369670164584598,0,49.77,0
214-30-2776,Cairo,3/11/2019,181.0725,5.204404959404194,-0.2473918915379994,0,181.0725,0
746-04-1077,Cairo,1/1/2019,888.615,6.790788784864955,1.4787068150273779,0,888.615,0
448-34-8700,Cairo,2/10/2019,271.2885,5.606862165956447,0.1905102431966329,0,271.2885,0
452-04-8808,Cairo,1/26/2019,640.038,6.463088737534835,1.1221457994902686,0,640.038,0
531-56-4728,Alex,2/11/2019,252.252,5.534385040432259,0.11164996322211759,0,252.252,0
744-82-9138,Giza,2/7/2019,180.873,5.20330864130172,-0.24858476379772154,0,180.873,0
883-69-1285,Cairo,3/6/2019,104.832,4.6618529311600785,-0.8377271806188658,0,104.832,0
221-25-5073,Alex,3/4/2019,313.572,5.751212984756089,0.34757422583610886,0,313.572,0
518-71-6847,Cairo,2/26/2019,167.58,5.127410414569336,-0.33116744580112767,0,167.58,0
156-20-0370,Cairo,3/10/2019,26.7225,3.322244357845234,-2.2953168185055497,0,26.7225,0
151-33-7434,Cairo,2/4/2019,71.1585,4.278865088398623,-1.2544452594411863,0,71.1585,0
728-47-9078,Giza,1/19/2019,250.278,5.5265598959500695,0.10313564811589097,0,250.278,0
809-46-1866,Alex,1/23/2019,244.23,5.502196545680788,0.07662658598826162,0,244.23,0
139-32-4183,Alex,3/14/2019,921.186,6.826746938568671,1.5178318499667849,0,921.186,0
148-41-7930,Giza,1/23/2019,734.706,6.600830582403128,1.2720187472921873,0,734.706,0
189-40-5216,Giza,1/9/2019,708.3195,6.564306059723561,1.2322774625266257,0,708.3195,0
374-38-5555,Cairo,2/7/2019,334.4775,5.815554890079383,0.4175828062149671,0,334.4775,0
764-44-8999,Cairo,2/18/2019,30.996,3.4656108949865754,-2.1393238044866685,0,30.996,0
552-44-5977,Cairo,1/3/2019,520.8,6.257284372702628,0.8982159773117029,0,520.8,0
267-62-7380,Giza,3/29/2019,864.57,6.763388249450948,1.4488930789199892,0,864.57,0
430-53-4718,Cairo,1/28/2019,633.108,6.452219286932977,1.110319062275841,0,633.108,0
886-18-2897,Alex,3/22/2019,296.94,5.6968921239514465,0.2884692563643117,0,296.94,0
602-16-6955,Cairo,1/24/2019,804.3,6.6912148788015,1.3703633059060134,0,804.3,0
745-74-0715,Alex,3/10/2019,121.863,4.811069913474456,-0.675368465132324,0,121.863,0
690-01-6631,Cairo,2/22/2019,183.645,5.218435062675789,-0.23212613887373093,0,183.645,0
652-49-6720,Giza,2/18/2019,63.9975,4.174348807617512,-1.3681664246320266,0,63.9975,0
233-67-5758,Giza,1/29/2019,42.3675,3.769710312653427,-1.8084419566781287,0,42.3675,0
303-96-2227,Cairo,3/2/2019,1022.49,6.930973634657913,1.631237926366341,1,950.26575,1
727-02-1313,Alex,2/9/2019,33.432,3.538986364539319,-2.0594860621598188,0,33.432,0
347-56-2442,Alex,2/22/2019,69.111,4.250079700417684,-1.2857658138772794,0,69.111,0
849-09-3807,Alex,2/18/2019,649.299,6.477432257122117,1.1377525714516579,0,649.299,0
